"PID","Status","Progress","Duration..in.seconds.","Finished","consent","county_1","county_2","state_q","county_q","cand1_change","cand2_change","cand1_cult","cand2_cult","cand1_econ","cand2_econ","ideo","gender_.99_TEXT","race_8_TEXT","age","feedback","STATE","COUNTY","ELIGIBLE","CAND_1","CAND_2","RACETYPE","PLACENAME","UNITTYPE","race_num","vote_turnout","vote_who_y","vote_who_n","vote_who_y_3_TEXT","vote_who_n_3_TEXT","gender","race_1","race_2","race_3","race_4","race_5","race_6","race_7","race_8","income","edu","party_gen","party_gen_5_TEXT","party_dem","party_rep","party_ind"
"DM622ci","0","100","24","1","1","1834","1835","1834","1835","","","","","","","","","","","","New York","Albany","0","","","","","","","","","","","","","","","","","","","","","","","","","","",""
"FT905oi","0","100","30","1","1","2540","1454","2540","2723","","","","","","","","","","","","Texas","Panola","0","","","","","","","","","","","","","","","","","","","","","","","","","","",""
"XF071iv","0","100","56","1","1","167","186","","","","","","","","","","","","","","California","Los Angeles","0","","","","","","","","","","","","","","","","","","","","","","","","","","",""
"WC621jv","0","100","13","1","1","2052","99","2052","2062","","","","","","","","","","","","Ohio","Carroll","0","","","","","","","","","","","","","","","","","","","","","","","","","","",""
"HU797ts","0","100","108","1","1","1834","183","","","7","1","1","7","7","3","1","","","35","","New York","Kings","1","Zohran Mamdani","Andrew Cuomo","Mayoral","New York City","","3","Yes","${e://Field/CAND_1}","","","","man","","Hispanic, Latino, or Spanish origin","","","","","","","$0-$20,000","2yearColl","Democrat","","Strong","",""
"BC210hn","0","100","19","1","1","880","15","880","894","","","","","","","","","","","","Kansas","Clay","0","","","","","","","","","","","","","","","","","","","","","","","","","","",""
"TF489gx","0","100","145","1","1","1834","1875","1834","1875","4","4","5","5","4","4","4","","","30","","New York","Queens","1","Zohran Mamdani","Andrew Cuomo","Mayoral","New York City","","3","Yes","","","","","woman","","Hispanic, Latino, or Spanish origin","","","","","","","$100,001-$120,000","MA","Democrat","","Not very strong","",""
"PS946iq","0","100","110","1","1","1834","1875","1834","1875","7","1","1","3","1","7","3","","","45","","New York","Queens","1","Zohran Mamdani","Andrew Cuomo","Mayoral","New York City","","3","Yes","${e://Field/CAND_2}","","","","man","White","","","","","","","","$120,001-$140,000","4yearColl","Independent","","","","Closer to Democratic"
"UG809jj","0","100","103","1","1","1834","1875","","","6","3","1","5","2","5","2","","","25","","New York","Queens","1","Zohran Mamdani","Andrew Cuomo","Mayoral","New York City","","3","No","","${e://Field/CAND_1}","","","woman","","","","Asian","","","","","$20,001-$40,000","4yearColl","Democrat","","Not very strong","",""
"CT505qk","0","100","158","1","1","1834","1865","1834","1865","7","2","1","7","2","6","3","","","38","","New York","New York","1","Zohran Mamdani","Andrew Cuomo","Mayoral","New York City","","3","Yes","${e://Field/CAND_1}","","","","woman","","","Black or African American","","","","","","$20,001-$40,000","4yearColl","Democrat","","Not very strong","",""
"NE258oo","0","100","116","1","1","1834","1875","1834","1875","6","1","1","6","1","5","2","","","25","","New York","Queens","1","Zohran Mamdani","Andrew Cuomo","Mayoral","New York City","","3","Yes","${e://Field/CAND_1}","","","","man","","","","Asian","","","","","$80,001-$100,000","MA","Democrat","","Not very strong","",""
"XQ167xa","0","100","249","1","1","1834","1837","1834","1837","5","6","5","4","4","5","6","","","33","had a great study","New York","Bronx","1","Zohran Mamdani","Andrew Cuomo","Mayoral","New York City","","3","Not sure","","${e://Field/CAND_2}","","","man","","","Black or African American","","","","","","$40,001-$60,000","4yearColl","Republican","","","Strong",""
"VG190uy","0","100","138","1","1","1834","1865","1834","1865","5","2","1","5","1","6","1","","","25","","New York","New York","1","Zohran Mamdani","Andrew Cuomo","Mayoral","New York City","","3","Not sure","","${e://Field/CAND_1}","","","man","","","Black or African American","","","","","","$20,001-$40,000","GED","Other party","Leftist","","","Closer to Democratic"
"PZ611oh","0","100","67","1","1","1834","1875","1834","1875","1","1","1","7","4","2","3","","","34","","New York","Queens","1","Zohran Mamdani","Andrew Cuomo","Mayoral","New York City","","3","Yes","${e://Field/CAND_1}","","","","man","White","","","","","","","","$100,001-$120,000","4yearColl","Democrat","","Not very strong","",""
"NO915vf","0","100","124","1","1","1834","183","1834","1858","7","1","1","4","2","5","3","","","35","","New York","Kings","1","Zohran Mamdani","Andrew Cuomo","Mayoral","New York City","","3","Not sure","","${e://Field/CAND_1}","","","man","White","","","","","","","","$0-$20,000","GED","Democrat","","Not very strong","",""
"YD896ux","0","100","81","1","1","1834","1875","1834","1875","7","2","1","6","6","3","1","","","22","","New York","Queens","1","Zohran Mamdani","Andrew Cuomo","Mayoral","New York City","","3","Yes","${e://Field/CAND_1}","","","","woman","","","","Asian","","","","","$120,001-$140,000","4yearColl","Democrat","","Strong","",""
"NL065qr","0","100","111","1","1","1834","1837","1834","1837","5","2","1","6","2","5","2","","","31","","New York","Bronx","1","Zohran Mamdani","Andrew Cuomo","Mayoral","New York City","","3","Yes","${e://Field/CAND_1}","","","","man","","Hispanic, Latino, or Spanish origin","","","","","","","$140,001-$160,000","GED","Democrat","","Strong","",""
"HV058bf","0","100","118","1","1","1834","1865","","","6","2","1","5","2","7","3","","","58","","New York","New York","1","Zohran Mamdani","Andrew Cuomo","Mayoral","New York City","","3","Yes","${e://Field/CAND_1}","","","","man","White","","","","","","","","$180,001-$200,000","4yearColl","Independent","","","","Closer to Democratic"
"KR400th","0","100","77","1","1","1834","183","","","6","1","2","3","2","4","2","","","53","","New York","Kings","1","Zohran Mamdani","Andrew Cuomo","Mayoral","New York City","","3","Yes","${e://Field/CAND_1}","","","","man","White","","","","","","","","$80,001-$100,000","4yearColl","Democrat","","Strong","",""
"GL462pa","0","100","135","1","1","1834","1865","","","6","4","1","6","1","5","1","","","26","I would vote for Sliwa before I considered Cuomo. That is how bad it is. ","New York","New York","1","Zohran Mamdani","Andrew Cuomo","Mayoral","New York City","","3","Yes","${e://Field/CAND_1}","","","","woman","White","","","","","","","","$60,001-$80,000","4yearColl","Democrat","","Not very strong","",""
"EZ578lh","0","100","222","1","1","1834","1837","","","5","1","2","6","2","6","2","","","58","","New York","Bronx","1","Zohran Mamdani","Andrew Cuomo","Mayoral","New York City","","3","Yes","${e://Field/CAND_1}","","","","man","","Hispanic, Latino, or Spanish origin","","","","","","","$140,001-$160,000","GED","Democrat","","Strong","",""
"TQ723tr","0","100","72","1","1","1834","1865","","","5","3","1","7","6","2","1","","","38","","New York","New York","1","Zohran Mamdani","Andrew Cuomo","Mayoral","New York City","","3","Yes","${e://Field/CAND_1}","","","","woman","White","","","","","","","","Over $200,000","4yearColl","Democrat","","Strong","",""
"JL035cb","0","100","120","1","1","1834","1865","","","6","1","1","7","1","7","2","","","29","","New York","New York","1","Zohran Mamdani","Andrew Cuomo","Mayoral","New York City","","3","Yes","${e://Field/CAND_1}","","","","woman","White","","","","","","","","$40,001-$60,000","4yearColl","Democrat","","Not very strong","",""
"ZA342ze","0","100","114","1","1","1834","1875","1834","1875","6","3","1","3","1","4","6","","","28","Mandami will destroy New York.","New York","Queens","1","Zohran Mamdani","Andrew Cuomo","Mayoral","New York City","","3","Yes","${e://Field/CAND_2}","","","","man","White","","","","","","","","$0-$20,000","4yearColl","Republican","","","Not very strong",""
"YR583nw","0","100","89","1","1","1834","1865","","","4","1","1","5","2","6","3","","","32","","New York","New York","1","Zohran Mamdani","Andrew Cuomo","Mayoral","New York City","","3","Yes","${e://Field/CAND_1}","","","","man","White","","","","","","","","$180,001-$200,000","MA","Democrat","","Strong","",""
"CY859cg","0","100","125","1","1","1834","1865","1834","1865","4","1","1","5","1","6","2","","","20","","New York","New York","1","Zohran Mamdani","Andrew Cuomo","Mayoral","New York City","","3","Yes","${e://Field/CAND_1}","","","","man","White","","","","","","","","$40,001-$60,000","GED","Democrat","","Strong","",""
"UH963sm","0","100","164","1","1","1834","1865","","","7","3","1","3","1","4","5","","","30","","New York","New York","1","Zohran Mamdani","Andrew Cuomo","Mayoral","New York City","","3","Yes","${e://Field/CAND_2}","","","","woman","","","Black or African American","","","","","","$80,001-$100,000","4yearColl","Republican","","","Strong",""
"PD606rd","0","100","113","1","1","1834","183","","","7","2","1","3","3","7","2","","","38","","New York","Kings","1","Zohran Mamdani","Andrew Cuomo","Mayoral","New York City","","3","Yes","${e://Field/CAND_1}","","","","woman","White","","","","","","","","$160,001-$180,000","4yearColl","Democrat","","Strong","",""
"UB048ed","0","100","258","1","1","1834","1875","","","5","3","1","5","3","5","4","","","39","","New York","Queens","1","Zohran Mamdani","Andrew Cuomo","Mayoral","New York City","","3","Yes","${e://Field/CAND_1}","","","","woman","","Hispanic, Latino, or Spanish origin","","","","","","","$20,001-$40,000","2yearColl","Democrat","","Not very strong","",""
"CM774ll","0","100","91","1","1","1834","183","","","2","6","1","4","1","6","1","","","32","","New York","Kings","1","Zohran Mamdani","Andrew Cuomo","Mayoral","New York City","","3","Yes","${e://Field/CAND_1}","","","","man","","Hispanic, Latino, or Spanish origin","","","","","","","$40,001-$60,000","4yearColl","Democrat","","Not very strong","",""
"GQ436em","0","100","169","1","1","1834","183","","","5","2","2","4","2","5","2","","","42","","New York","Kings","1","Zohran Mamdani","Andrew Cuomo","Mayoral","New York City","","3","No","","${e://Field/CAND_1}","","","man","","","","Asian","","","","","$20,001-$40,000","4yearColl","Democrat","","Strong","",""
"UW700mq","0","100","552","1","1","1834","1865","","","3","4","1","7","1","7","1","","","30","","New York","New York","1","Zohran Mamdani","Andrew Cuomo","Mayoral","New York City","","3","Yes","${e://Field/CAND_1}","","","","woman","White","","","","","","","","$80,001-$100,000","4yearColl","Democrat","","Strong","",""
"SM030by","0","100","107","1","1","1834","1865","1834","1865","7","4","1","3","2","4","4","","","48","","New York","New York","1","Zohran Mamdani","Andrew Cuomo","Mayoral","New York City","","3","Yes","${e://Field/CAND_2}","","","","woman","","","","Asian","","","","","$120,001-$140,000","4yearColl","No preference","","","","Neither"
"OK659dg","0","100","80","1","1","2939","2675","2939","2956","5","4","4","3","5","3","4","","","37","","Washington","King","1","Bruce Harrell","Katie Wilson","Mayoral","Seattle","city","4","Not sure","","","","","man","White","","","","","","","","$40,001-$60,000","GED","Independent","","","","Closer to Democratic"
"XJ926bi","0","100","288","1","1","1834","1865","","","5","2","2","5","2","6","1","","","35","","New York","New York","1","Zohran Mamdani","Andrew Cuomo","Mayoral","New York City","","3","Yes","${e://Field/CAND_1}","","","","woman","White","","","","","","","","$120,001-$140,000","PHD","Democrat","","Strong","",""
"JN548hl","0","100","94","1","1","2939","2675","2939","2956","1","4","6","2","6","4","2","","","47","","Washington","King","1","Bruce Harrell","Katie Wilson","Mayoral","Seattle","city","4","Yes","${e://Field/CAND_2}","","","","man","White","","","","","","","","$180,001-$200,000","2yearColl","Democrat","","Strong","",""
"DO679dm","0","100","160","1","1","1834","1875","1834","1875","6","3","2","4","5","3","3","","","65","","New York","Queens","1","Zohran Mamdani","Andrew Cuomo","Mayoral","New York City","","3","Yes","${e://Field/CAND_2}","","","","man","White","","","","","","","","$160,001-$180,000","4yearColl","Democrat","","Not very strong","",""
"VX891yp","0","100","86","1","1","1312","1339","","","2","5","4","2","5","2","2","","","35","","Minnesota","Hennepin","1","Jacob Frey","Omar Fateh","Mayoral","Minneapolis","city","5","Yes","","","","","man","White","","","","","","","","$180,001-$200,000","MA","Democrat","","Not very strong","",""
"HJ154dw","0","100","589","1","1","1834","1865","","","7","3","2","5","1","5","5","","","51","","New York","New York","1","Zohran Mamdani","Andrew Cuomo","Mayoral","New York City","","3","Not sure","","","","","man","White","","","","","","","","$120,001-$140,000","GED","Independent","","","","Neither"
"BO675gq","0","100","74","1","1","1312","1339","1312","1339","2","6","3","1","5","2","2","","","23","","Minnesota","Hennepin","1","Jacob Frey","Omar Fateh","Mayoral","Minneapolis","city","5","Yes","${e://Field/CAND_1}","","","","man","White","","","","","","","","$80,001-$100,000","4yearColl","Democrat","","Strong","",""
"YZ605xx","0","100","120","1","1","2939","2957","","","1","6","3","1","5","1","1","","","40","","Washington","Kitsap","1","Bruce Harrell","Katie Wilson","Mayoral","Seattle","city","4","No","","","","","man","White","","","","","","","","$180,001-$200,000","4yearColl","Democrat","","Strong","",""
"DU413km","0","100","175","1","1","2052","2070","","","6","4","3","6","5","2","3","","","32","","Ohio","Cuyahoga","1","Justin Bibb","Laverne Gore","Mayoral","Cleveland","city","6","Yes","${e://Field/CAND_1}","","","","man","White","","","","","","","","$40,001-$60,000","GED","Democrat","","Not very strong","",""
"UC654rr","0","100","596","1","1","2939","245","2939","","1","7","5","2","2","5","6","","","52","","Washington","Douglas","1","Bruce Harrell","Katie Wilson","Mayoral","Seattle","city","4","Not sure","","${e://Field/CAND_1}","","","man","White","","","","","","","","$120,001-$140,000","MA","Republican","","","Strong",""
"SY225ah","0","100","1053","1","1","1834","183","","","4","1","1","4","1","5","1","","","40","N/A","New York","Kings","1","Zohran Mamdani","Andrew Cuomo","Mayoral","New York City","","3","Yes","${e://Field/CAND_1}","","","","man","","","Black or African American","","","","","","$60,001-$80,000","GED","Democrat","","Not very strong","",""
"VU934lo","0","100","108","1","1","1834","1875","","","5","2","1","5","2","6","1","","","30","","New York","Queens","1","Zohran Mamdani","Andrew Cuomo","Mayoral","New York City","","3","Not sure","","${e://Field/CAND_1}","","","man","","","Black or African American","","","","","","Over $200,000","4yearColl","Independent","","","","Closer to Democratic"
"EK205xo","0","100","751","1","1","1834","1865","","","2","7","7","5","7","4","3","","","23","","New York","New York","1","Zohran Mamdani","Andrew Cuomo","Mayoral","New York City","","3","Yes","${e://Field/CAND_1}","","","","woman","","","Black or African American","","","","","","$40,001-$60,000","MA","Independent","","","","Neither"
"ZL968vq","0","100","66","1","1","1834","1865","1834","1865","6","3","2","5","3","5","3","","","49","","New York","New York","1","Zohran Mamdani","Andrew Cuomo","Mayoral","New York City","","3","Yes","${e://Field/CAND_1}","","","","man","White","","","","","","","","$120,001-$140,000","4yearColl","Democrat","","Not very strong","",""
"XS721st","0","100","119","1","1","1312","1339","","","5","5","2","1","3","1","5","","","20","","Minnesota","Hennepin","1","Jacob Frey","Omar Fateh","Mayoral","Minneapolis","city","5","Yes","${e://Field/CAND_1}","","","","man","","","","Asian","","","","","Over $200,000","GED","Independent","","","","Closer to Republican"
"UL187bz","0","100","67","1","1","1834","1875","1834","1875","6","2","3","5","2","5","3","","","20","","New York","Queens","1","Zohran Mamdani","Andrew Cuomo","Mayoral","New York City","","3","Yes","${e://Field/CAND_1}","","","","man","","","","Asian","","","","","Prefer not to answer","GED","No preference","","","","Neither"
"BD200ve","0","100","152","1","1","1834","495","1834","1877","5","1","1","7","3","6","1","","","31","","New York","Richmond","1","Zohran Mamdani","Andrew Cuomo","Mayoral","New York City","","3","Yes","${e://Field/CAND_1}","","","","man","White","","","","","","","","$120,001-$140,000","4yearColl","Democrat","","Strong","",""
"BW841zr","0","100","135","1","1","1834","1865","","","4","2","2","4","3","6","3","","","51","","New York","New York","1","Zohran Mamdani","Andrew Cuomo","Mayoral","New York City","","3","Yes","${e://Field/CAND_1}","","","","man","","","","Asian","","","","","Over $200,000","4yearColl","Democrat","","Not very strong","",""
"PG362gd","0","100","65","1","1","1834","1875","1834","1875","6","5","3","3","6","5","2","","","37","interesting study","New York","Queens","1","Zohran Mamdani","Andrew Cuomo","Mayoral","New York City","","3","Yes","${e://Field/CAND_1}","","","","man","","","","Asian","","","","","$100,001-$120,000","4yearColl","Democrat","","Strong","",""
"CM739mo","0","100","73","1","1","1834","183","","","7","1","1","3","2","4","1","","","29","","New York","Kings","1","Zohran Mamdani","Andrew Cuomo","Mayoral","New York City","","3","Yes","${e://Field/CAND_1}","","","",NA,"White","Hispanic, Latino, or Spanish origin","","","","","","","$40,001-$60,000","4yearColl","Democrat","","Not very strong","",""
"CY686jb","0","100","90","1","1","1834","1875","","","7","3","1","5","2","6","1","","","30","","New York","Queens","1","Zohran Mamdani","Andrew Cuomo","Mayoral","New York City","","3","Yes","${e://Field/CAND_1}","","","","woman","White","","","Asian","","","","","$60,001-$80,000","4yearColl","Independent","","","","Closer to Democratic"
"IR507ds","0","100","88","1","1","1834","1837","","","4","4","5","3","4","5","4","","","27","","New York","Bronx","1","Zohran Mamdani","Andrew Cuomo","Mayoral","New York City","","3","No","","","","","woman","","Hispanic, Latino, or Spanish origin","","","","","","","$80,001-$100,000","4yearColl","Independent","","","","Closer to Republican"
"RM096hp","0","100","219","1","1","1834","183","","","7","4","1","2","1","5","7","","","56","You only included Mamdami and Cuomo. There's another candidate in the race: Curtis Sliwa, a Republican. Why did you omit him?","New York","Kings","1","Zohran Mamdani","Andrew Cuomo","Mayoral","New York City","","3","Yes","Other","","Curtis Sliwa","","woman","White","","","","","","","","$0-$20,000","4yearColl","Republican","","","Strong",""
"CH726yt","0","100","548","1","1","2052","2070","","","5","6","1","6","2","6","2","","","61","I do pay some attention to Cleveland politics, because what happens in Cleveland affects the entire area, but I do live in a suburb, so we have our own mayor to vote for. ","Ohio","Cuyahoga","1","Justin Bibb","Laverne Gore","Mayoral","Cleveland","city","6","No","","Other","","I would vote for Justin Bibb, but while I live in Cuyahoga County, I do not live in Cleveland.","woman","White","","","","","","","","$20,001-$40,000","GED","Democrat","","Strong","",""
"PQ304dw","0","100","98","1","1","1834","183","1834","1858","7","1","1","4","1","5","2","","","35","","New York","Kings","1","Zohran Mamdani","Andrew Cuomo","Mayoral","New York City","","3","Yes","${e://Field/CAND_1}","","","","man","","","","","","Middle Eastern or North African","","","$140,001-$160,000","4yearColl","Democrat","","Strong","",""
"UO256gj","0","100","303","1","1","1834","1837","","","4","4","4","4","4","4","4","","Multiethnic","55","","New York","Bronx","1","Zohran Mamdani","Andrew Cuomo","Mayoral","New York City","","3","Yes","","","","","woman","","","","","","","","Other (please specify)","$60,001-$80,000","4yearColl","Independent","","","","Neither"
"BW744hj","0","100","69","1","1","1834","1875","1834","1875","5","1","1","5","2","5","2","","","30","","New York","Queens","1","Zohran Mamdani","Andrew Cuomo","Mayoral","New York City","","3","Yes","${e://Field/CAND_1}","","","","man","White","","","","","","","","$80,001-$100,000","MA","Independent","","","","Closer to Democratic"
"OT294rc","0","100","201","1","1","1312","1339","","","3","6","3","2","4","3","3","","","37","","Minnesota","Hennepin","1","Jacob Frey","Omar Fateh","Mayoral","Minneapolis","city","5","No","","${e://Field/CAND_1}","","","woman","White","","","","","","","","$40,001-$60,000","4yearColl","Independent","","","","Closer to Democratic"
"HL729ei","0","100","110","1","1","2939","2675","","","4","5","5","3","3","5","4","","","39","","Washington","King","1","Bruce Harrell","Katie Wilson","Mayoral","Seattle","city","4","No","","${e://Field/CAND_2}","","","man","White","","","","","","","","$40,001-$60,000","2yearColl","Independent","","","","Neither"
"SG741ae","0","100","99","1","1","2939","2675","2939","2956","3","7","3","2","4","1","2","","","77","Just thanks for the opportunity to participate in this study ","Washington","King","1","Bruce Harrell","Katie Wilson","Mayoral","Seattle","city","4","Yes","","","","","man","White","","","","","","","","Over $200,000","MA","Democrat","","Strong","",""
"JB774xp","0","100","77","1","1","2052","2070","","","3","2","2","4","3","4","1","","","47","","Ohio","Cuyahoga","1","Justin Bibb","Laverne Gore","Mayoral","Cleveland","city","6","Yes","${e://Field/CAND_1}","","","","woman","White","","","","","","","","$140,001-$160,000","MA","Democrat","","Strong","",""
"VJ304qy","0","100","108","1","1","1834","1875","","","7","4","1","4","1","5","2","","","45","","New York","Queens","1","Zohran Mamdani","Andrew Cuomo","Mayoral","New York City","","3","No","","${e://Field/CAND_1}","","","woman","","","","Asian","","","","","$160,001-$180,000","4yearColl","Democrat","","Strong","",""
"BA636jp","0","100","451","1","1","1312","1339","","","4","6","6","4","6","4","2","","","29","","Minnesota","Hennepin","1","Jacob Frey","Omar Fateh","Mayoral","Minneapolis","city","5","Yes","${e://Field/CAND_1}","","","","man","","","Black or African American","","","","","","$140,001-$160,000","MA","Democrat","","Not very strong","",""
"YI340qc","0","100","177","1","1","2939","2675","","","3","5","4","2","5","4","1","","","47","","Washington","King","1","Bruce Harrell","Katie Wilson","Mayoral","Seattle","city","4","Yes","${e://Field/CAND_2}","","","","woman","White","","","","","","","","Over $200,000","2yearColl","Democrat","","Strong","",""
"JF811cb","0","100","418","1","1","2939","","2939","","3","1","3","7","4","2","7","","","26","","Washington","","1","Bruce Harrell","Katie Wilson","Mayoral","Seattle","city","4","Yes","${e://Field/CAND_2}","","","","woman","White","","","","","","","","$20,001-$40,000","4yearColl","Democrat","","Strong","",""
"PC756ct","0","100","70","1","1","2939","2675","2939","2956","3","5","2","1","3","1","2","","","32","N/A","Washington","King","1","Bruce Harrell","Katie Wilson","Mayoral","Seattle","city","4","Yes","${e://Field/CAND_2}","","","","man","White","","","Asian","","","","","$180,001-$200,000","MA","Democrat","","Strong","",""
"OF404kp","0","100","79","1","1","1834","1865","","","6","1","1","5","2","7","1","","","22","","New York","New York","1","Zohran Mamdani","Andrew Cuomo","Mayoral","New York City","","3","Not sure","","${e://Field/CAND_1}","","","woman","","","","Asian","","","","","Prefer not to answer","GED","Democrat","","Strong","",""
"FU814hl","0","100","102","1","1","2939","2675","","","5","6","1","1","2","1","7","","","56","","Washington","King","1","Bruce Harrell","Katie Wilson","Mayoral","Seattle","city","4","Yes","Other","","Anyone who is more conservative than these two socialists. ","","man","White","","","","","","","","$160,001-$180,000","MA","Republican","","","Strong",""
"OZ071jb","0","100","76","1","1","2939","2675","","","2","4","3","5","3","5","2","","","37","","Washington","King","1","Bruce Harrell","Katie Wilson","Mayoral","Seattle","city","4","Yes","${e://Field/CAND_2}","","","","woman","White","","","","","","","","$160,001-$180,000","4yearColl","Democrat","","Not very strong","",""
"OL709tt","0","100","128","1","1","2939","2675","","","7","5","1","5","1","5","5","","","54","","Washington","King","1","Bruce Harrell","Katie Wilson","Mayoral","Seattle","city","4","No","","${e://Field/CAND_2}","","","man","White","","","","","","","","$0-$20,000","GED","No preference","","","","Closer to Republican"
"DC383qu","0","100","361","1","1","1312","1339","","","4","6","2","1","4","6","5","","","61","","Minnesota","Hennepin","1","Jacob Frey","Omar Fateh","Mayoral","Minneapolis","city","5","No","","${e://Field/CAND_1}","","","woman","White","","","","","","","","$40,001-$60,000","2yearColl","Democrat","","Strong","",""
"CG053or","0","100","232","1","1","1213","1215","","","","","","","","","","","","","","Massachusetts","Berkshire","0","","","","","","","","","","","","","","","","","","","","","","","","","","",""
"KK342pi","0","100","81","1","1","2939","2675","","","4","4","4","4","5","5","3","","","29","","Washington","King","1","Bruce Harrell","Katie Wilson","Mayoral","Seattle","city","4","Not sure","","${e://Field/CAND_1}","","","man","","","","Asian","","","","","$100,001-$120,000","4yearColl","Democrat","","Not very strong","",""
"SJ155id","0","100","294","1","1","1312","1339","","","1","1","4","7","7","7","4","","Indigenous American","62","Omar's campaign is sensationalism. If he were to win, he would support conservative views because his goal is to ""stop"" more Somalis from immigrating here and to dismantle what those who are here have built.  Thank You for the opportunity to participate!","Minnesota","Hennepin","1","Jacob Frey","Omar Fateh","Mayoral","Minneapolis","city","5","Not sure","","${e://Field/CAND_1}","","","man","","","","","","","","Other (please specify)","$0-$20,000","2yearColl","Independent","","","","Closer to Democratic"
"LE530ye","0","100","74","1","1","1312","1339","","","1","5","6","3","6","3","1","","","35","","Minnesota","Hennepin","1","Jacob Frey","Omar Fateh","Mayoral","Minneapolis","city","5","Yes","","","","","woman","White","","","","","","","","$40,001-$60,000","4yearColl","Other party","","","","Neither"
"KM467jg","0","100","136","1","1","1312","1339","1312","1339","1","1","1","1","1","1","7","","","43","","Minnesota","Hennepin","1","Jacob Frey","Omar Fateh","Mayoral","Minneapolis","city","5","Yes","Other","","Whoever is the Republican.","","man","White","","","","","","","","$20,001-$40,000","4yearColl","Republican","","","Strong",""
"SM413pj","0","100","100","1","1","2052","2070","","","6","4","4","5","7","4","4","","","43","thanks","Ohio","Cuyahoga","1","Justin Bibb","Laverne Gore","Mayoral","Cleveland","city","6","Yes","${e://Field/CAND_1}","","","","man","","","Black or African American","","","","","","$60,001-$80,000","4yearColl","Democrat","","Not very strong","",""
"GJ056ae","0","100","107","1","1","2052","2070","","","4","3","3","3","4","5","2","","","62","","Ohio","Cuyahoga","1","Justin Bibb","Laverne Gore","Mayoral","Cleveland","city","6","No","","${e://Field/CAND_2}","","","man","White","","","","","","","","$0-$20,000","GED","Democrat","","Not very strong","",""
"QE966jz","0","100","78","1","1","1312","1339","1312","1339","2","5","3","2","4","2","2","","","45","","Minnesota","Hennepin","1","Jacob Frey","Omar Fateh","Mayoral","Minneapolis","city","5","Yes","${e://Field/CAND_2}","","","","man","White","","","","","","","","$40,001-$60,000","GED","Democrat","","Strong","",""
"WB294ys","0","100","98","1","1","1312","1339","1312","1339","4","3","3","3","4","4","1","","","38","All of the ""don't rank Jacob Frey"" talk is probably going to make me vote for Jacob Frey to be honest....","Minnesota","Hennepin","1","Jacob Frey","Omar Fateh","Mayoral","Minneapolis","city","5","Yes","","","","","woman","White","","","","","","","","$20,001-$40,000","2yearColl","Democrat","","Strong","",""
"BG946tg","0","100","109","1","1","1312","1339","","","1","1","3","2","5","5","1","","","26","","Minnesota","Hennepin","1","Jacob Frey","Omar Fateh","Mayoral","Minneapolis","city","5","Not sure","","${e://Field/CAND_1}","","","woman","","","Black or African American","","","","","","$60,001-$80,000","4yearColl","Democrat","","Strong","",""
"EQ831oi","0","100","71","1","1","2939","2675","2939","2956","1","4","7","7","4","4","4","","","35","","Washington","King","1","Bruce Harrell","Katie Wilson","Mayoral","Seattle","city","4","No","","","","","man","White","","","","","","","","$140,001-$160,000","4yearColl","No preference","","","","Neither"
"OJ654nd","0","100","276","1","1","1312","1339","1312","1339","2","6","5","2","5","3","1","","","22","","Minnesota","Hennepin","1","Jacob Frey","Omar Fateh","Mayoral","Minneapolis","city","5","Yes","${e://Field/CAND_2}","","","","woman","White","","","","","","","","$20,001-$40,000","2yearColl","Independent","","","","Closer to Democratic"
"RK704nw","0","100","109","1","1","2939","2675","2939","2956","4","5","4","4","4","4","2","","","46","","Washington","King","1","Bruce Harrell","Katie Wilson","Mayoral","Seattle","city","4","Yes","${e://Field/CAND_2}","","","","man","White","","Black or African American","","","","","","$0-$20,000","2yearColl","Independent","","","","Closer to Democratic"
"HR361cv","0","100","160","1","1","2052","2070","2052","2070","6","4","2","4","3","4","1","","","33","","Ohio","Cuyahoga","1","Justin Bibb","Laverne Gore","Mayoral","Cleveland","city","6","Yes","","","","","woman","White","","","","","","","","$20,001-$40,000","GED","Democrat","","Strong","",""
"NG420fh","0","100","73","1","1","2939","2675","","","4","6","1","1","4","3","4","","","24","","Washington","King","1","Bruce Harrell","Katie Wilson","Mayoral","Seattle","city","4","Not sure","","","","","man","","Hispanic, Latino, or Spanish origin","","","","","","","$100,001-$120,000","4yearColl","Independent","","","","Neither"
"JP110yg","0","100","78","1","1","2939","2675","","","2","7","3","1","3","1","4","","","50","","Washington","King","1","Bruce Harrell","Katie Wilson","Mayoral","Seattle","city","4","Yes","${e://Field/CAND_1}","","","","man","White","","","","","","","","$140,001-$160,000","4yearColl","Republican","","","Strong",""
"TO450pp","0","100","133","1","1","2052","2070","","","5","4","2","4","5","5","3","","","60","","Ohio","Cuyahoga","1","Justin Bibb","Laverne Gore","Mayoral","Cleveland","city","6","Yes","${e://Field/CAND_1}","","","","man","","","Black or African American","","","","","","$20,001-$40,000","4yearColl","Democrat","","Not very strong","",""
"TX509dz","0","100","108","1","1","1312","1339","1312","1339","4","4","4","4","4","4","1","","","25","","Minnesota","Hennepin","1","Jacob Frey","Omar Fateh","Mayoral","Minneapolis","city","5","Not sure","","","","","man","White","","","","","","","","$80,001-$100,000","GED","Democrat","","Strong","",""
"UB309mx","0","100","124","1","1","1312","1339","","","1","6","3","1","4","4","1","","","68","","Minnesota","Hennepin","1","Jacob Frey","Omar Fateh","Mayoral","Minneapolis","city","5","Yes","${e://Field/CAND_1}","","","","woman","White","","","","","","","","$140,001-$160,000","4yearColl","Democrat","","Strong","",""
"DZ705ih","0","100","67","1","1","1312","1339","1312","1339","1","7","7","1","6","1","1","","","25","","Minnesota","Hennepin","1","Jacob Frey","Omar Fateh","Mayoral","Minneapolis","city","5","Not sure","","${e://Field/CAND_2}","","","woman","White","","","","","","","","$60,001-$80,000","MA","Independent","","","","Neither"
"AH794kw","0","100","300","1","1","2939","2675","2939","2956","4","5","4","2","3","4","4","","","38","","Washington","King","1","Bruce Harrell","Katie Wilson","Mayoral","Seattle","city","4","Not sure","","${e://Field/CAND_2}","","","woman","","","","Asian","","","","","$20,001-$40,000","4yearColl","Democrat","","Not very strong","",""
"AY415uk","0","100","91","1","1","2939","2675","2939","2956","3","6","5","1","3","5","2","","","36","","Washington","King","1","Bruce Harrell","Katie Wilson","Mayoral","Seattle","city","4","Yes","${e://Field/CAND_1}","","","","woman","White","","","","","","","","$100,001-$120,000","MA","Democrat","","Not very strong","",""
"AZ539gf","0","100","151","1","1","2840","838","","","2","2","7","2","4","3","3","","","67","none","Virginia","Louisa","1","Winsome Earle-Sears","Abigail Spanberger","Gubernatorial","Virginia","state","2","Yes","${e://Field/CAND_2}","","","","woman","White","","","","","","","","$40,001-$60,000","MA","Democrat","","Not very strong","",""
"SU335ps","0","100","101","1","1","2840","2847","2840","2847","2","6","7","2","3","6","5","","","38","","Virginia","Arlington","1","Winsome Earle-Sears","Abigail Spanberger","Gubernatorial","Virginia","state","2","Yes","${e://Field/CAND_1}","","","","man","","","","","","Middle Eastern or North African","","","$60,001-$80,000","4yearColl","Republican","","","Not very strong",""
"WX736ka","0","100","138","1","1","1778","944","1778","1792","3","6","6","2","3","5","2","","","24","","New Jersey","Morris","1","Jack Ciattarelli","Mikie Sherill","Gubernatorial","New Jersey","state","1","Yes","${e://Field/CAND_2}","","","","man","","","","Asian","","","","","$20,001-$40,000","2yearColl","Democrat","","Strong","",""
"XD468ra","0","100","132","1","1","1778","394","","","4","2","6","2","7","3","1","","","43","no comments","New Jersey","Camden","1","Jack Ciattarelli","Mikie Sherill","Gubernatorial","New Jersey","state","1","Yes","${e://Field/CAND_2}","","","","woman","White","","","","","","","","$140,001-$160,000","4yearColl","Democrat","","Strong","",""
"PE944rw","0","100","126","1","1","1778","1791","","","7","1","7","2","7","4","1","","","31","","New Jersey","Monmouth","1","Jack Ciattarelli","Mikie Sherill","Gubernatorial","New Jersey","state","1","Yes","${e://Field/CAND_2}","","","","man","White","","","","","","","","$40,001-$60,000","2yearColl","Independent","","","","Closer to Democratic"
"TU262nf","0","100","158","1","1","2840","495","","2917","5","3","7","3","7","3","4","","","39","","Virginia","Richmond","1","Winsome Earle-Sears","Abigail Spanberger","Gubernatorial","Virginia","state","2","Yes","${e://Field/CAND_2}","","","","woman","White","","","","","","","","$80,001-$100,000","4yearColl","No preference","","","","Neither"
"YW672gs","0","100","32","1","1","306","321","","","","","","","","","","","","","","Florida","Duval","0","","","","","","","","","","","","","","","","","","","","","","","","","","",""
"RL093st","0","100","149","1","1","1778","295","","","5","3","6","1","6","1","5","","","48","","New Jersey","Middlesex","1","Jack Ciattarelli","Mikie Sherill","Gubernatorial","New Jersey","state","1","Yes","${e://Field/CAND_1}","","","","man","White","","","","","","","","$140,001-$160,000","GED","Republican","","","Not very strong",""
"GD496sc","0","100","101","1","1","1778","944","","","5","3","7","3","2","4","4","","","27","","New Jersey","Morris","1","Jack Ciattarelli","Mikie Sherill","Gubernatorial","New Jersey","state","1","Yes","","","","","man","White","","","","","","","","$80,001-$100,000","2yearColl","No preference","","","","Closer to Democratic"
"GQ430kr","0","100","186","1","1","1778","1218","","","1","5","7","1","7","4","2","","","39","","New Jersey","Essex","1","Jack Ciattarelli","Mikie Sherill","Gubernatorial","New Jersey","state","1","Yes","${e://Field/CAND_2}","","","","man","","","Black or African American","","","","","","$40,001-$60,000","4yearColl","Democrat","","Not very strong","",""
"IH780uw","0","100","185","1","1","2840","838","2840","2895","7","4","7","1","7","1","1","","","41","Enjoyed the study, Thanks!","Virginia","Louisa","1","Winsome Earle-Sears","Abigail Spanberger","Gubernatorial","Virginia","state","2","Yes","${e://Field/CAND_2}","","","","woman","White","","","","","","","","$40,001-$60,000","GED","Democrat","","Strong","",""
"CE173ka","0","100","302","1","1","1778","394","1778","1782","4","2","4","6","3","5","2","","","29","","New Jersey","Camden","1","Jack Ciattarelli","Mikie Sherill","Gubernatorial","New Jersey","state","1","Not sure","","${e://Field/CAND_2}","","","woman","","","Black or African American","","","","","","$60,001-$80,000","GED","Democrat","","Not very strong","",""
"OX246mm","0","100","116","1","1","1778","650","","","6","5","6","2","5","3","5","","","29","","New Jersey","Mercer","1","Jack Ciattarelli","Mikie Sherill","Gubernatorial","New Jersey","state","1","No","","","","","man","","","","Asian","","","","","$120,001-$140,000","4yearColl","Republican","","","Not very strong",""
"NT278th","0","100","114","1","1","1778","295","1778","1790","4","4","3","4","4","4","3","","","28","","New Jersey","Middlesex","1","Jack Ciattarelli","Mikie Sherill","Gubernatorial","New Jersey","state","1","Not sure","","","","","man","","","","Asian","","","","","$0-$20,000","4yearColl","Independent","","","","Neither"
"NF292cd","0","100","72","1","1","2840","2932","","","7","4","7","1","7","1","2","","","53","","Virginia","Virginia Beach","1","Winsome Earle-Sears","Abigail Spanberger","Gubernatorial","Virginia","state","2","Yes","${e://Field/CAND_2}","","","","woman","","","Black or African American","","","","","","$80,001-$100,000","MA","Democrat","","Strong","",""
"CC134nv","0","100","449","1","1","1778","1793","","","7","4","7","1","7","2","2","","","41","I think it’s completely incorrect to describe either of their positions as “free market”, especially in this new era when prices are not based on supply and demand and there is no competition between businesses. Instead I would describe Jack Ciattarelli, and most candidates as sucking the cock of the rich, or bending over for the rich.","New Jersey","Ocean","1","Jack Ciattarelli","Mikie Sherill","Gubernatorial","New Jersey","state","1","Yes","${e://Field/CAND_2}","","","","man","White","","","","","","","","$40,001-$60,000","4yearColl","Independent","","","","Closer to Democratic"
"IL760jf","0","100","120","1","1","1778","1779","","","4","3","5","1","2","6","6","","","64","","New Jersey","Atlantic","1","Jack Ciattarelli","Mikie Sherill","Gubernatorial","New Jersey","state","1","Yes","${e://Field/CAND_1}","","","","woman","White","","","","","","","","$40,001-$60,000","4yearColl","Republican","","","Strong",""
"HH804iu","0","100","92","1","1","2840","2870","","","4","5","6","2","4","4","4","","","41","","Virginia","Fairfax","1","Winsome Earle-Sears","Abigail Spanberger","Gubernatorial","Virginia","state","2","No","","${e://Field/CAND_2}","","","man","","","","Asian","","","","","Over $200,000","4yearColl","Independent","","","","Closer to Democratic"
"ML931tb","0","100","113","1","1","1778","1781","","","6","6","7","2","7","3","1","","","74","","New Jersey","Burlington","1","Jack Ciattarelli","Mikie Sherill","Gubernatorial","New Jersey","state","1","Yes","${e://Field/CAND_2}","","","","woman","White","","","","","","","","$100,001-$120,000","MA","Democrat","","Strong","",""
"QC472ap","0","100","264","1","1","1778","1218","","","2","4","6","3","5","5","3","","","30","","New Jersey","Essex","1","Jack Ciattarelli","Mikie Sherill","Gubernatorial","New Jersey","state","1","Yes","${e://Field/CAND_1}","","","","man","White","","","","","","","","$100,001-$120,000","MA","Democrat","","Not very strong","",""
"WN841eu","0","100","90","1","1","1778","1780","1778","1780","5","3","5","3","4","4","4","","","31","","New Jersey","Bergen","1","Jack Ciattarelli","Mikie Sherill","Gubernatorial","New Jersey","state","1","No","","","","","man","","","","Asian","","","","","$80,001-$100,000","4yearColl","Independent","","","","Neither"
"ZF064wv","0","100","307","1","1","2840","2261","","","5","7","6","1","7","1","6","","","54","","Virginia","Bedford","1","Winsome Earle-Sears","Abigail Spanberger","Gubernatorial","Virginia","state","2","Yes","","","","","woman","White","","","","","","","","$20,001-$40,000","GED","Republican","","","Strong",""
"CB667wu","0","100","84","1","1","1778","1791","1778","1791","4","7","5","1","7","1","6","","","39","","New Jersey","Monmouth","1","Jack Ciattarelli","Mikie Sherill","Gubernatorial","New Jersey","state","1","Yes","${e://Field/CAND_1}","","","","man","White","","","","","","","","$140,001-$160,000","4yearColl","Independent","","","","Neither"
"TN788fj","0","100","116","1","1","2840","2924","","","4","5","7","1","6","2","6","","","64","","Virginia","Smyth","1","Winsome Earle-Sears","Abigail Spanberger","Gubernatorial","Virginia","state","2","Yes","${e://Field/CAND_1}","","","","woman","White","","","","","","","","$20,001-$40,000","2yearColl","Republican","","","Not very strong",""
"XV186oy","0","100","263","1","1","1778","1793","","","5","7","7","1","7","1","1","","","75","Jack is a virulent , Trump supporter and I pray that he does not win. Mikie cares about her constituents.","New Jersey","Ocean","1","Jack Ciattarelli","Mikie Sherill","Gubernatorial","New Jersey","state","1","Yes","${e://Field/CAND_2}","","","","woman","White","","","","","","","","$20,001-$40,000","MA","Democrat","","Strong","",""
"VD112zl","0","100","20","1","1","1897","394","","","","","","","","","","","","","","North Carolina","Camden","0","","","","","","","","","","","","","","","","","","","","","","","","","","",""
"BP990lz","0","100","84","1","1","1778","303","1778","1797","5","3","3","5","6","4","5","","","58","","New Jersey","Sussex","1","Jack Ciattarelli","Mikie Sherill","Gubernatorial","New Jersey","state","1","Not sure","","","","","woman","White","","","","","","","","Prefer not to answer","4yearColl","Independent","","","","Closer to Republican"
"LW100dy","0","100","141","1","1","2840","1775","","","6","2","7","1","6","4","4","","","57","","Virginia","Rockingham","1","Winsome Earle-Sears","Abigail Spanberger","Gubernatorial","Virginia","state","2","Yes","${e://Field/CAND_2}","","","","man","White","","","","","","","","$140,001-$160,000","2yearColl","Independent","","","","Closer to Democratic"
"CA221kr","0","100","13","1","1","1189","52","1189","1204","","","","","","","","","","","","Maryland","Montgomery","0","","","","","","","","","","","","","","","","","","","","","","","","","","",""
"DF931oq","0","100","136","1","1","2840","1226","","","4","5","6","1","6","1","5","","","41","","Virginia","Suffolk","1","Winsome Earle-Sears","Abigail Spanberger","Gubernatorial","Virginia","state","2","Yes","${e://Field/CAND_1}","","","","woman","White","","","","","","","","$120,001-$140,000","GED","Republican","","","Not very strong",""
"GH549pp","0","100","139","1","1","2840","2913","","","5","2","6","2","7","1","4","","","34","","Virginia","Prince George","1","Winsome Earle-Sears","Abigail Spanberger","Gubernatorial","Virginia","state","2","Yes","${e://Field/CAND_2}","","","","woman","White","","","","","","","","$40,001-$60,000","4yearColl","Democrat","","Not very strong","",""
"RC149rc","0","100","146","1","1","2840","2887","","","7","5","7","1","7","4","3","","","29","","Virginia","Isle of Wight","1","Winsome Earle-Sears","Abigail Spanberger","Gubernatorial","Virginia","state","2","Not sure","","${e://Field/CAND_2}","","","woman","White","","","","","","","","$60,001-$80,000","noHS","Independent","","","","Closer to Democratic"
"GN268uw","0","100","158","1","1","1778","394","1778","1782","3","3","5","4","6","4","4","","","25","","New Jersey","Camden","1","Jack Ciattarelli","Mikie Sherill","Gubernatorial","New Jersey","state","1","Not sure","","","","","woman","White","","","","","","","","$0-$20,000","4yearColl","Independent","","","","Neither"
"KQ640fo","0","100","639","1","1","1778","1791","1778","1791","6","5","7","1","7","1","1","","","28","","New Jersey","Monmouth","1","Jack Ciattarelli","Mikie Sherill","Gubernatorial","New Jersey","state","1","Yes","${e://Field/CAND_2}","","","","man","White","","","","","","","","$80,001-$100,000","4yearColl","Democrat","","Strong","",""
"NH004gd","0","100","149","1","1","1778","650","","","5","4","7","5","7","3","3","","","66","","New Jersey","Mercer","1","Jack Ciattarelli","Mikie Sherill","Gubernatorial","New Jersey","state","1","Yes","${e://Field/CAND_2}","","","","man","White","","","","","","","","$40,001-$60,000","GED","Democrat","","Strong","",""
"GP074rd","0","100","76","1","1","2840","2861","","","3","5","7","1","7","1","1","","","34","","Virginia","Chesapeake","1","Winsome Earle-Sears","Abigail Spanberger","Gubernatorial","Virginia","state","2","Yes","${e://Field/CAND_2}","","","","woman","White","","","","","","","","$40,001-$60,000","GED","Democrat","","Strong","",""
"BZ525rf","0","100","113","1","1","2840","","2840","","4","4","7","1","4","7","7","","","36","","Virginia","","1","Winsome Earle-Sears","Abigail Spanberger","Gubernatorial","Virginia","state","2","Yes","${e://Field/CAND_1}","","","","woman","White","","","","","","","","$0-$20,000","MA","Republican","","","Strong",""
"PL601lh","0","100","131","1","1","2840","973","","","4","4","6","2","4","4","3","","","42","","Virginia","Stafford","1","Winsome Earle-Sears","Abigail Spanberger","Gubernatorial","Virginia","state","2","Yes","${e://Field/CAND_2}","","","","man","White","","","","","Middle Eastern or North African","","","$120,001-$140,000","2yearColl","Democrat","","Not very strong","",""
"HD432se","0","100","105","1","1","1778","944","","","2","2","4","4","4","5","4","","","45","","New Jersey","Morris","1","Jack Ciattarelli","Mikie Sherill","Gubernatorial","New Jersey","state","1","Not sure","","","","","man","White","","","","","","","","Over $200,000","4yearColl","Independent","","","","Neither"
"NQ005lj","0","100","92","1","1","2840","2894","","","2","4","7","1","5","3","4","","","48","","Virginia","Loudoun","1","Winsome Earle-Sears","Abigail Spanberger","Gubernatorial","Virginia","state","2","Yes","${e://Field/CAND_2}","","","","man","White","","","","","","","","Over $200,000","MA","Independent","","","","Neither"
"NL850mr","0","100","359","1","1","2840","2932","","","4","4","7","1","3","5","2","","","47","","Virginia","Virginia Beach","1","Winsome Earle-Sears","Abigail Spanberger","Gubernatorial","Virginia","state","2","Yes","${e://Field/CAND_2}","","","","man","","","Black or African American","","","","","","$20,001-$40,000","MA","Democrat","","Strong","",""
"XC332lo","0","100","182","1","1","2840","2861","","","7","2","7","2","7","2","2","","","49","None","Virginia","Chesapeake","1","Winsome Earle-Sears","Abigail Spanberger","Gubernatorial","Virginia","state","2","Yes","${e://Field/CAND_2}","","","","woman","White","","","","","","","","$60,001-$80,000","GED","Democrat","","Not very strong","",""
"KY582vn","0","100","301","1","1","2840","2932","","","4","6","4","6","5","3","5","","","51","Thank you. ","Virginia","Virginia Beach","1","Winsome Earle-Sears","Abigail Spanberger","Gubernatorial","Virginia","state","2","Yes","${e://Field/CAND_1}","","","","man","White","","","","","","","","$40,001-$60,000","GED","Republican","","","Not very strong",""
"WW333oh","0","100","158","1","1","2840","2861","","","4","4","3","3","4","4","2","","","44","N/A","Virginia","Chesapeake","1","Winsome Earle-Sears","Abigail Spanberger","Gubernatorial","Virginia","state","2","Not sure","","${e://Field/CAND_1}","","","man","","","Black or African American","","","","","","$100,001-$120,000","4yearColl","Democrat","","Not very strong","",""
"PJ596am","0","100","77","1","1","1778","295","","","4","4","6","2","4","4","2","","","42","","New Jersey","Middlesex","1","Jack Ciattarelli","Mikie Sherill","Gubernatorial","New Jersey","state","1","No","","${e://Field/CAND_2}","","","woman","White","","","","","","","","$40,001-$60,000","GED","Democrat","","Not very strong","",""
"SB754of","0","100","363","1","1","1778","650","","","4","6","6","2","6","4","5","","","50","My Prolific ID - 560379c9e372c00011bd4a90","New Jersey","Mercer","1","Jack Ciattarelli","Mikie Sherill","Gubernatorial","New Jersey","state","1","Not sure","","","","","man","","","Black or African American","","","","","","$60,001-$80,000","4yearColl","Independent","","","","Closer to Republican"
"WX120zi","0","100","86","1","1","2840","66","","","4","4","4","5","4","5","1","","","41","","Virginia","Washington","1","Winsome Earle-Sears","Abigail Spanberger","Gubernatorial","Virginia","state","2","No","","${e://Field/CAND_2}","","","woman","White","","","","","","","","$20,001-$40,000","GED","Democrat","","Strong","",""
"TX046xa","0","100","228","1","1","2840","2343","","","2","5","5","5","3","5","6","","","43","","Virginia","Chesterfield","1","Winsome Earle-Sears","Abigail Spanberger","Gubernatorial","Virginia","state","2","Yes","${e://Field/CAND_2}","","","","woman","","","Black or African American","","","","","","$80,001-$100,000","GED","Democrat","","Not very strong","",""
"GV065ne","0","100","94","1","1","1778","295","1778","1790","4","6","6","1","7","1","5","","","42","","New Jersey","Middlesex","1","Jack Ciattarelli","Mikie Sherill","Gubernatorial","New Jersey","state","1","Yes","${e://Field/CAND_1}","","","","woman","White","","","","","","","","$140,001-$160,000","MA","Republican","","","Strong",""
"PF539xu","0","100","208","1","1","2840","2932","","","4","5","6","3","6","3","2","Nonbinary","","31","","Virginia","Virginia Beach","1","Winsome Earle-Sears","Abigail Spanberger","Gubernatorial","Virginia","state","2","Yes","${e://Field/CAND_2}","","","",NA,"White","","","","","","","","$0-$20,000","noHS","Democrat","","Not very strong","",""
"PQ135ao","0","100","163","1","1","2840","14","","","4","7","7","1","7","1","7","","","35","","Virginia","Clarke","1","Winsome Earle-Sears","Abigail Spanberger","Gubernatorial","Virginia","state","2","Yes","${e://Field/CAND_1}","","","","woman","White","","","","","","","","$120,001-$140,000","4yearColl","Republican","","","Strong",""
"HA677os","0","100","54","1","1","291","294","","","","","","","","","","","","","","Connecticut","Litchfield","0","","","","","","","","","","","","","","","","","","","","","","","","","","",""
"DD297uz","0","100","633","1","1","1778","523","1778","1799","4","1","7","1","7","1","4","","","53","","New Jersey","Warren","1","Jack Ciattarelli","Mikie Sherill","Gubernatorial","New Jersey","state","1","No","","Other","","","woman","","","","Asian","","","","","$80,001-$100,000","4yearColl","Independent","","","","Neither"
"ZZ703fk","0","100","90","1","1","1778","944","","","6","3","7","1","7","1","6","","","35","no comments thank you","New Jersey","Morris","1","Jack Ciattarelli","Mikie Sherill","Gubernatorial","New Jersey","state","1","Yes","${e://Field/CAND_1}","","","","man","White","","","","","","","","$160,001-$180,000","4yearColl","Republican","","","Strong",""
"GL004gg","0","100","80","1","1","2840","2932","","","7","1","7","1","4","4","4","","","47","","Virginia","Virginia Beach","1","Winsome Earle-Sears","Abigail Spanberger","Gubernatorial","Virginia","state","2","Yes","${e://Field/CAND_2}","","","","woman","White","Hispanic, Latino, or Spanish origin","","","","","","","$100,001-$120,000","MA","Democrat","","Strong","",""
"BA570qw","0","100","233","1","1","2840","2932","","","6","4","6","2","6","3","2","","","54","","Virginia","Virginia Beach","1","Winsome Earle-Sears","Abigail Spanberger","Gubernatorial","Virginia","state","2","Yes","${e://Field/CAND_1}","","","","man","White","","","","","","","","$140,001-$160,000","MA","Republican","","","Not very strong",""
"ZY401km","0","100","323","1","1","2840","1963","2840","","4","4","4","4","4","4","4","","","39","","Virginia","Northampton","1","Winsome Earle-Sears","Abigail Spanberger","Gubernatorial","Virginia","state","2","No","","${e://Field/CAND_2}","","","woman","","","Black or African American","","","","","","$0-$20,000","GED","Independent","","","","Neither"
"JD235rs","0","100","39","1","1","306","363","306","363","","","","","","","","","","","","Florida","Seminole","0","","","","","","","","","","","","","","","","","","","","","","","","","","",""
"YC285un","0","100","97","1","1","1778","1795","","","4","4","4","1","6","2","1","","","58","","New Jersey","Salem","1","Jack Ciattarelli","Mikie Sherill","Gubernatorial","New Jersey","state","1","No","","${e://Field/CAND_2}","","","woman","White","","","","","","","","$40,001-$60,000","4yearColl","Democrat","","Strong","",""
"BX047rl","0","100","101","1","1","2840","2894","","","5","4","7","2","3","7","3","","","37","","Virginia","Loudoun","1","Winsome Earle-Sears","Abigail Spanberger","Gubernatorial","Virginia","state","2","Yes","${e://Field/CAND_2}","","","","man","White","","","","","","","","$180,001-$200,000","MA","Independent","","","","Closer to Democratic"
"TO296yc","0","100","112","1","1","2540","2601","2540","2601","","","","","","","","","","","","Texas","Denton","0","","","","","","","","","","","","","","","","","","","","","","","","","","",""
"CB580vc","0","100","99","1","1","2840","33","","","5","4","5","4","3","4","5","","","38","","Virginia","Greene","1","Winsome Earle-Sears","Abigail Spanberger","Gubernatorial","Virginia","state","2","Yes","${e://Field/CAND_2}","","","","man","","","","Asian","","","","","$40,001-$60,000","4yearColl","Republican","","","Not very strong",""
"DL581vj","0","100","127","1","1","2840","2932","2840","2932","4","3","7","2","6","3","2","","","23","","Virginia","Virginia Beach","1","Winsome Earle-Sears","Abigail Spanberger","Gubernatorial","Virginia","state","2","Yes","${e://Field/CAND_2}","","","","woman","","","","Asian","","","","","$80,001-$100,000","4yearColl","Democrat","","Not very strong","",""
"ZN968qe","0","100","135","1","1","1778","1786","","","6","1","7","5","7","4","1","","","37","","New Jersey","Gloucester","1","Jack Ciattarelli","Mikie Sherill","Gubernatorial","New Jersey","state","1","Yes","${e://Field/CAND_2}","","","","woman","White","","","","","","","","$0-$20,000","MA","Democrat","","Not very strong","",""
"QA994rj","0","100","319","1","1","1778","394","","","6","2","5","2","7","2","4","","","23","","New Jersey","Camden","1","Jack Ciattarelli","Mikie Sherill","Gubernatorial","New Jersey","state","1","Yes","${e://Field/CAND_2}","","","","man","","","Black or African American","","","","","","$60,001-$80,000","4yearColl","No preference","","","","Closer to Republican"
"FL475jj","0","100","153","1","1","1778","295","1778","1790","7","3","7","2","7","1","2","","","25","","New Jersey","Middlesex","1","Jack Ciattarelli","Mikie Sherill","Gubernatorial","New Jersey","state","1","Not sure","","${e://Field/CAND_2}","","","man","","","","Asian","","","","","$20,001-$40,000","4yearColl","Democrat","","Strong","",""
"EC380sn","0","100","799","1","1","1778","1791","","","4","3","7","1","3","4","6","","","40","","New Jersey","Monmouth","1","Jack Ciattarelli","Mikie Sherill","Gubernatorial","New Jersey","state","1","Yes","${e://Field/CAND_1}","","","","man","White","","","","","","","","$60,001-$80,000","4yearColl","Republican","","","Strong",""
"NZ363pp","0","100","195","1","1","2840","2932","","","1","7","7","1","7","1","6","","","70","I sincerely hope my responses have helped with your research. Thank you and have a nice day !","Virginia","Virginia Beach","1","Winsome Earle-Sears","Abigail Spanberger","Gubernatorial","Virginia","state","2","Yes","${e://Field/CAND_1}","","","","woman","White","","","","","","","","$40,001-$60,000","2yearColl","Republican","","","Strong",""
"FS875oe","0","100","175","1","1","1778","295","1778","1790","2","4","6","2","5","3","2","","","26","","New Jersey","Middlesex","1","Jack Ciattarelli","Mikie Sherill","Gubernatorial","New Jersey","state","1","Yes","${e://Field/CAND_2}","","","","man","","","","Asian","","","","","$60,001-$80,000","4yearColl","Democrat","","Not very strong","",""
"JO408dw","0","100","99","1","1","1778","1791","","","6","5","6","6","5","4","3","","","73","","New Jersey","Monmouth","1","Jack Ciattarelli","Mikie Sherill","Gubernatorial","New Jersey","state","1","Yes","","","","","woman","White","","","","","","","","$60,001-$80,000","2yearColl","Republican","","","Not very strong",""
"AZ733ua","0","100","323","1","1","2840","2926","","","7","3","7","2","7","1","5","","","40","Thank you for the survey!","Virginia","Spotsylvania","1","Winsome Earle-Sears","Abigail Spanberger","Gubernatorial","Virginia","state","2","Yes","${e://Field/CAND_1}","","","","woman","","","Black or African American","","","","","","$140,001-$160,000","4yearColl","Republican","","","Not very strong",""
"FP092ov","0","100","566","1","1","2840","1710","","","5","6","6","2","4","2","6","","","73","I hope my answers help your study Thank you.","Virginia","Lancaster","1","Winsome Earle-Sears","Abigail Spanberger","Gubernatorial","Virginia","state","2","Yes","${e://Field/CAND_1}","","","","man","White","","","","","","","","$20,001-$40,000","GED","Republican","","","Strong",""
"BG101xc","0","100","76","1","1","1778","1793","1778","1793","4","6","4","2","7","2","4","","","36","","New Jersey","Ocean","1","Jack Ciattarelli","Mikie Sherill","Gubernatorial","New Jersey","state","1","Yes","","","","","man","White","","","","","","","","$140,001-$160,000","4yearColl","Independent","","","","Neither"
"VQ831xc","0","100","148","1","1","2840","2923","2840","2923","5","4","5","4","5","4","4","","","47","","Virginia","Shenandoah","1","Winsome Earle-Sears","Abigail Spanberger","Gubernatorial","Virginia","state","2","Yes","${e://Field/CAND_1}","","","","man","White","","","","","","","","$60,001-$80,000","4yearColl","No preference","","","","Closer to Democratic"
"YG828nw","0","100","29","1","1","1897","1964","1897","1964","","","","","","","","","","","","North Carolina","Onslow","0","","","","","","","","","","","","","","","","","","","","","","","","","","",""
"MT010dm","0","100","97","1","1","1778","1218","","","6","3","6","2","5","3","2","","","72","","New Jersey","Essex","1","Jack Ciattarelli","Mikie Sherill","Gubernatorial","New Jersey","state","1","Yes","${e://Field/CAND_2}","","","","man","White","","","","","","","","$100,001-$120,000","MA","Democrat","","Strong","",""
"TU476te","0","100","102","1","1","1778","1780","","","6","2","7","2","7","2","2","","","32","","New Jersey","Bergen","1","Jack Ciattarelli","Mikie Sherill","Gubernatorial","New Jersey","state","1","Yes","${e://Field/CAND_2}","","","","woman","White","","","","","","","","$160,001-$180,000","4yearColl","Democrat","","Not very strong","",""
"VJ584fc","0","100","62","1","1","1778","1794","","","4","4","4","4","4","4","4","","","40","","New Jersey","Passaic","1","Jack Ciattarelli","Mikie Sherill","Gubernatorial","New Jersey","state","1","No","","${e://Field/CAND_2}","","","woman","White","","","","","","","","$20,001-$40,000","GED","Independent","","","","Neither"
"QI988wk","0","100","426","1","1","2840","2932","","","7","6","6","7","7","6","7","","","43","good","Virginia","Virginia Beach","1","Winsome Earle-Sears","Abigail Spanberger","Gubernatorial","Virginia","state","2","Yes","","","","","man","White","","","","","","","","$160,001-$180,000","MA","Democrat","","Strong","",""
"BZ318bv","0","100","328","1","1","2840","42","","","4","3","3","5","4","5","6","","","37","","Virginia","Lee","1","Winsome Earle-Sears","Abigail Spanberger","Gubernatorial","Virginia","state","2","Yes","","","","","woman","White","","","","","","","","$140,001-$160,000","4yearColl","Republican","","","Not very strong",""
"PG640qz","0","100","267","1","1","2840","2847","2840","2847","6","3","7","2","7","3","4","","","54","","Virginia","Arlington","1","Winsome Earle-Sears","Abigail Spanberger","Gubernatorial","Virginia","state","2","Yes","${e://Field/CAND_2}","","","","man","White","","","","","","","","$100,001-$120,000","4yearColl","Independent","","","","Neither"
"AZ413wg","0","100","140","1","1","2840","2870","2840","2870","4","4","6","3","5","2","4","","","44","","Virginia","Fairfax","1","Winsome Earle-Sears","Abigail Spanberger","Gubernatorial","Virginia","state","2","Yes","${e://Field/CAND_1}","","","","man","White","","","","","","","","$140,001-$160,000","4yearColl","Independent","","","","Neither"
"EV848mh","0","100","124","1","1","2840","2870","","","4","3","6","3","5","2","5","","","40","","Virginia","Fairfax","1","Winsome Earle-Sears","Abigail Spanberger","Gubernatorial","Virginia","state","2","Yes","${e://Field/CAND_2}","","","","man","White","","Black or African American","","","","","","$60,001-$80,000","4yearColl","Republican","","","Not very strong",""
"VS046iu","0","100","94","1","1","2840","2861","","","6","2","7","3","4","4","2","","","42","","Virginia","Chesapeake","1","Winsome Earle-Sears","Abigail Spanberger","Gubernatorial","Virginia","state","2","Yes","${e://Field/CAND_2}","","","","woman","","","","Asian","","","","","$100,001-$120,000","PHD","Democrat","","Strong","",""
"AK848ms","0","100","132","1","1","2840","2847","","","4","4","5","4","3","5","4","","","28","Please tell your university's administration & board of trustees to DIVEST from Israel's apartheid, genocide, occupation, & ethnic cleansing of Palestinians!

For more information, please see Amnesty International's 280-page-long report, ""Israel's apartheid against Palestinians: Cruel system of domination and crime against humanity"" - https://www.amnesty.org/en/documents/mde15/5141/2022/en/","Virginia","Arlington","1","Winsome Earle-Sears","Abigail Spanberger","Gubernatorial","Virginia","state","2","Not sure","","${e://Field/CAND_2}","","","man","White","","","","","","","","$60,001-$80,000","4yearColl","Independent","","","","Closer to Democratic"
"FF234hn","0","100","53","1","1","1778","1185","1778","1796","4","4","7","1","4","4","5","","","33","","New Jersey","Somerset","1","Jack Ciattarelli","Mikie Sherill","Gubernatorial","New Jersey","state","1","No","","${e://Field/CAND_1}","","","man","White","","","","","","","","$120,001-$140,000","4yearColl","No preference","","","","Closer to Republican"
"FZ654hg","0","100","1006","1","1","1778","1788","","","2","5","6","2","2","5","2","","","49","","New Jersey","Hunterdon","1","Jack Ciattarelli","Mikie Sherill","Gubernatorial","New Jersey","state","1","Yes","${e://Field/CAND_2}","","","","woman","","","","Asian","","","","","Over $200,000","4yearColl","Democrat","","Not very strong","",""
"AJ377hk","0","100","139","1","1","1778","161","1778","1798","4","3","7","3","6","4","3","","","30","Great survey, more of these would be great, thanks.","New Jersey","Union","1","Jack Ciattarelli","Mikie Sherill","Gubernatorial","New Jersey","state","1","Yes","${e://Field/CAND_2}","","","","man","","Hispanic, Latino, or Spanish origin","","","","","","","$80,001-$100,000","4yearColl","Democrat","","Strong","",""
"RV014sm","0","100","550","1","1","2840","","","","1","7","7","1","7","1","4","","","53","There was a word that was missed spelled. Gubernatorial","Virginia","","1","Winsome Earle-Sears","Abigail Spanberger","Gubernatorial","Virginia","state","2","Yes","${e://Field/CAND_2}","","","","woman","","","Black or African American","","","","","","Prefer not to answer","GED","Democrat","","Strong","",""
"RV478gr","0","100","69","1","1","1778","1794","1778","1794","4","4","7","1","7","1","7","","","33","","New Jersey","Passaic","1","Jack Ciattarelli","Mikie Sherill","Gubernatorial","New Jersey","state","1","Yes","","","","","woman","White","","","","","","","","$80,001-$100,000","4yearColl","Republican","","","Strong",""
"VC745ky","0","100","181","1","1","1778","394","","","3","4","5","3","6","3","4","","","41","","New Jersey","Camden","1","Jack Ciattarelli","Mikie Sherill","Gubernatorial","New Jersey","state","1","Not sure","","${e://Field/CAND_1}","","","woman","White","","","","","","","","$40,001-$60,000","MA","Independent","","","","Neither"
"KP599et","0","100","155","1","1","1778","1218","","","7","3","7","1","7","1","2","","","56","","New Jersey","Essex","1","Jack Ciattarelli","Mikie Sherill","Gubernatorial","New Jersey","state","1","Yes","${e://Field/CAND_2}","","","","woman","","","Black or African American","","","","","","$20,001-$40,000","GED","Democrat","","Strong","",""
"JY856bn","0","100","89","1","1","1778","944","1778","1792","5","3","6","1","7","1","5","","","52","","New Jersey","Morris","1","Jack Ciattarelli","Mikie Sherill","Gubernatorial","New Jersey","state","1","Yes","${e://Field/CAND_1}","","","","woman","White","","","","","","","","Over $200,000","4yearColl","Republican","","","Not very strong",""
"KN456li","0","100","102","1","1","2840","2847","2840","2847","1","5","7","2","7","3","2","","","19","","Virginia","Arlington","1","Winsome Earle-Sears","Abigail Spanberger","Gubernatorial","Virginia","state","2","Yes","${e://Field/CAND_2}","","","","man","","","Black or African American","","","","","","$100,001-$120,000","GED","Democrat","","Not very strong","",""
"WQ666yt","0","100","85","1","1","1778","944","","","7","5","7","1","2","2","1","","","32","","New Jersey","Morris","1","Jack Ciattarelli","Mikie Sherill","Gubernatorial","New Jersey","state","1","No","","${e://Field/CAND_2}","","","man","White","","","","","","","","$20,001-$40,000","4yearColl","Democrat","","Strong","",""
"RJ578oe","0","100","97","1","1","2840","2847","","","7","1","7","3","7","4","1","","","34","","Virginia","Arlington","1","Winsome Earle-Sears","Abigail Spanberger","Gubernatorial","Virginia","state","2","Yes","${e://Field/CAND_2}","","","","man","White","","","","","","","","$140,001-$160,000","PHD","Democrat","","Strong","",""
"QM035io","0","100","69","1","1","2840","2861","","","4","3","7","7","7","3","3","","","42","","Virginia","Chesapeake","1","Winsome Earle-Sears","Abigail Spanberger","Gubernatorial","Virginia","state","2","Yes","${e://Field/CAND_2}","","","","woman","White","","","","","","","","$40,001-$60,000","4yearColl","Democrat","","Not very strong","",""
"VJ691fp","0","100","236","1","1","2840","2914","","","4","4","6","2","6","3","2","","","63","","Virginia","Prince William","1","Winsome Earle-Sears","Abigail Spanberger","Gubernatorial","Virginia","state","2","Yes","${e://Field/CAND_2}","","","","woman","White","Hispanic, Latino, or Spanish origin","","","","","","","$120,001-$140,000","MA","Democrat","","Not very strong","",""
"MF019sa","0","100","148","1","1","1778","523","","","4","4","5","3","5","3","2","","","31","","New Jersey","Warren","1","Jack Ciattarelli","Mikie Sherill","Gubernatorial","New Jersey","state","1","Not sure","","${e://Field/CAND_2}","","","man","","","","Asian","","","","","$20,001-$40,000","GED","Democrat","","Strong","",""
"JR800ao","0","100","158","1","1","1778","1780","","","4","5","4","5","4","4","4","","","34","","New Jersey","Bergen","1","Jack Ciattarelli","Mikie Sherill","Gubernatorial","New Jersey","state","1","Not sure","","","","","woman","White","","Black or African American","","","","","","Over $200,000","PHD","Independent","","","","Neither"
"LL813et","0","100","166","1","1","2840","31","","","3","4","6","3","5","4","6","","","36","","Virginia","Franklin","1","Winsome Earle-Sears","Abigail Spanberger","Gubernatorial","Virginia","state","2","Yes","${e://Field/CAND_1}","","","","woman","White","","","","","","","","$100,001-$120,000","GED","Republican","","","Strong",""
"LR522wn","0","100","123","1","1","1778","1185","","","4","3","7","4","6","4","1","","","35","No additional feedback ","New Jersey","Somerset","1","Jack Ciattarelli","Mikie Sherill","Gubernatorial","New Jersey","state","1","Not sure","","${e://Field/CAND_2}","","","man","White","","","","","","","","$60,001-$80,000","4yearColl","Democrat","","Strong","",""
"FS877pz","0","100","105","1","1","2840","1188","","2938","1","7","7","1","4","7","2","","","53","","Virginia","York","1","Winsome Earle-Sears","Abigail Spanberger","Gubernatorial","Virginia","state","2","Yes","${e://Field/CAND_2}","","","","woman","","","Black or African American","","","","","","Over $200,000","MA","Democrat","","Strong","",""
"YX246qq","0","100","244","1","1","1778","161","","","4","4","4","4","4","4","4","","","35","","New Jersey","Union","1","Jack Ciattarelli","Mikie Sherill","Gubernatorial","New Jersey","state","1","Not sure","","Other","","neither","woman","","","","Asian","","","","","$60,001-$80,000","4yearColl","No preference","","","","Neither"
"CQ658jc","0","100","104","1","1","2840","1900","","","2","6","6","2","6","1","4","","","33","","Virginia","Alleghany","1","Winsome Earle-Sears","Abigail Spanberger","Gubernatorial","Virginia","state","2","Not sure","","${e://Field/CAND_1}","","","woman","White","","","","","","","","$0-$20,000","4yearColl","Republican","","","Not very strong",""
"ST428ia","0","100","149","1","1","1778","944","1778","1792","3","3","7","3","7","3","3","","","30","","New Jersey","Morris","1","Jack Ciattarelli","Mikie Sherill","Gubernatorial","New Jersey","state","1","Yes","${e://Field/CAND_2}","","","","man","","Hispanic, Latino, or Spanish origin","","","","","","","$40,001-$60,000","MA","Democrat","","Not very strong","",""
