"reason","cluster"
"unfulfilled promises",8
"high expectations",2
"sacrifices made",2
"generational differences",10
"work-life balance",3
"personal setbacks",8
"self-made mistakes",8
"wealth disparity",4
"investment success",7
"equal opportunities",4
"financial support",7
"education access",2
"family resources",1
"economic background",7
"self-reliance",2
"gender discrimination",4
"media portrayal",9
"lack of representation",8
"educational bias",4
"economic disparity",4
"career stagnation",3
"social inequality",4
"racial bias",4
"privilege awareness",2
"job prospects",3
"wealth building",7
"family planning",1
"housing stability",7
"delayed progress",8
"time management",2
"personal expectations",2
"financial struggles",7
"family expectations",1
"peer pressure",9
"personal choices",2
"life milestones",2
"financial stability",7
"relationship status",1
"financial insecurity",7
"technology changes",6
"peer advancement",2
"technology advancement",6
"age gap",10
"digital skills",6
"rapid change",6
"personal responsibility",2
"hard work",2
"self-improvement",2
"goal setting",2
"satisfaction",2
"progress goals",2
"financial constraints",7
"outdated technology",6
"old car",8
"lack of smart appliances",8
"modern lifestyle gap",10
"education gap",10
"financial instability",7
"life choices",2
"wage disparity",4
"goal progress",2
"stress",5
"self-expectations",2
"employment difficulty",3
"low wages",7
"resource scarcity",5
"healthcare costs",7
"insurance expenses",7
"policy influence",9
"lobbying power",9
"rising costs",7
"technology creep",6
"job automation",3
"economic uncertainty",7
"foster care",1
"limited opportunities",5
"lack of resources",8
"economic situation",7
"lower middle class",7
"older generations",10
"life progress",2
"unmet expectations",8
"housing costs",7
"high rent",7
"home buying complexity",7
"peer comparison",2
"social pressure",9
"cultural shifts",9
"feeling outdated",8
"economic inequality",4
"political corruption",9
"social division",9
"government neglect",8
"ageism",10
"job opportunities",3
"loss of family",1
"loss of friends",8
"loneliness",8
"making new friends",2
"education quality",2
"relationship struggles",1
"career uncertainty",3
"business challenges",5
"personal calling",2
"self-employment goals",3
"age discrimination",10
"missed opportunities",8
"late investing",7
"no family",1
"poverty background",7
"lack of guidance",8
"playing catch-up",2
"homeownership",7
"self-comparison",2
"happiness within",2
"peaceful mindset",2
"bad social skills",8
"societal expectations",9
"age judgements",10
"income disparity",4
"wealth gap",4
"student loan debt",7
"bad economy",7
"under-employment",3
"job loss",3
"retirement savings",7
"parental care",1
"technology access",6
"entertainment gap",10
"travel limitations",5
"future planning",2
"income insufficiency",7
"employment barriers",5
"social isolation",8
"no savings",7
"no home ownership",7
"financial disparity",4
"advancement delay",8
"parenthood timing",1
"gender inequality",4
"career expectations",3
"political climate",9
"social status",9
"discrimination",4
"access inequality",4
"different treatment",5
"financial assistance",7
"social security limits",7
"government support",7
"income threshold",7
"veteran benefits",7
"economic status",7
"financial goals",7
"job stability",3
"age concerns",10
"future security",2
"stagnant wages",7
"financial stress",7
"new area",6
"lack of familiarity",8
"missing friends",8
"catching up",2
"nostalgia",8
"cultural change",9
"loss of tradition",8
"dysfunctional family",1
"social exclusion",9
"lack of education",8
"poor job prospects",3
"housing instability",7
"social stigma",9
"student debt",7
"lack of support",8
"loan forgiveness doubts",7
"lost connections",8
"no relevant factors",8
"changing values",2
"economic struggles",7
"health care access",5
"urban progress",9
"family distance",1
"societal changes",9
"fewer opportunities",3
"systemic injustice",4
"racial profiling",4
"educational barriers",5
"employment discrimination",4
"mental health stigma",5
"legal challenges",5
"community disinvestment",9
"technology gap",10
"underappreciation",8
"stereotyping",9
"career setback",3
"health issues",5
"financial strain",7
"social comparison",2
"personal goals",2
"physical disability",5
"housing limitations",5
"income inequality",4
"power imbalance",4
"economic struggle",7
"affordability issues",7
"mythical american dream",2
"voter disenfranchisement",4
"political manipulation",9
"helplessness",8
"ai reliance",2
"educational values",2
"future uncertainty",8
"disability challenges",5
"accessibility issues",5
"diversity efforts",2
"car prices",7
"low pay",7
"no children",1
"limited independence",5
"natural disasters",5
"mental health",5
"isolation",5
"rebuilding stress",5
"lack of empathy",8
"housing laws",7
"transient focus",5
"lifestyle choice",2
"rising prices",7
"autism",5
"adhd",5
"social challenges",9
"unmet potential",8
"lack of progress",8
"lack of happiness",8
"fear of future",8
"healthcare access",5
"wealth depletion",7
"career choices",3
"life decisions",2
"lack of growth",8
"stagnation",8
"self-doubt",8
"inflation",7
"deregulation",9
"tariffs",7
"price hikes",7
"food costs",7
"fuel costs",7
"electricity costs",7
"family loss",1
"missed experiences",8
"poor decisions",8
"anxiety",5
"different goals",2
"self-sabotage",8
"family dynamics",1
"parenting skills",1
"interest rates",7
"political shift",9
"reproductive rights",1
"education decline",8
"oligarchy",9
"stock market",7
"financial literacy",7
"unmet goals",8
"aging concerns",10
"youth focus",2
"education level",2
"career progress",3
"financial status",7
"skill gaps",10
"technology skills",6
"relationship goals",2
"time constraints",5
"responsibilities",2
"financial situation",7
"retirement income",7
"lack of assistance",8
"medical help",5
"food assistance",7
"career success",3
"personal growth",2
"supportive environment",2
"networking challenges",5
"healthcare system",5
"insurance costs",7
"universal healthcare",5
"debt burden",7
"financial pressure",7
"medical conditions",5
"pandemic impact",5
"politicization",9
"community breakdown",9
"incomplete knowledge",8
"daily struggles",5
"keeping pace",2
"personal issues",5
"home ownership",7
"market changes",9
"income limitations",7
"age barriers",10
"career transition",3
"educational gap",10
"remote work challenges",5
"limited visibility",5
"promotion barriers",2
"environmental factors",5
"lack of confidence",8
"mental health issues",5
"fortunate life",8
"stifled wages",7
"student loans",7
"economic climate",7
"economic success",7
"career development",3
"life quality",2
"low income",7
"food insecurity",7
"age limitations",10
"social media pressure",9
"selfishness",8
"individualism",9
"limited travel",5
"fewer experiences",8
"peer success",2
"generational gap",10
"stereotypes",9
"disregarded experience",8
"pop culture",9
"motivation",2
"new media",6
"older preferences",2
"social conversations",9
"job difficulty",3
"assumed incompetence",8
"health care",5
"child care",1
"government assistance",7
"empty nest",1
"role transition",2
"ai advances",6
"obsolete skills",3
"education needs",2
"caregiving duties",1
"family isolation",1
"lack of contact",8
"few friends",8
"independence",2
"limited support",5
"burnout",8
"unequal opportunities",4
"systemic barriers",5
"division",2
"entitled attitudes",2
"leftist ideology",9
"lack of savings",7
"retirement concerns",7
"overworking",5
"income insecurity",7
"physical challenges",5
"psychological challenges",5
"age expectations",10
"expensive therapy",5
"feeling insignificant",8
"taxpayer neglect",8
"immigration policy",9
"foreign aid",7
"crime rates",9
"unemployment",3
"job dissatisfaction",3
"financial worry",7
"lack of passion",8
"social security",7
"changing policies",9
"low benefits",7
"inequality",4
"citizen neglect",8
"family obligations",1
"personal path",2
"future approach",2
"cultural disconnect",8
"stagnant salary",7
"reduced savings",7
"internet access",6
"gender bias",4
"corporate politics",9
"parenting responsibilities",1
"skills gap",10
"none",2
"economic downturn",7
"insufficient income",7
"increased expenses",7
"ignored opinions",8
"personal control",2
"single income",7
"large family",1
"self-sufficiency",2
"political instability",9
"wealth concentration",4
"financial barriers",7
"political neglect",9
"personal development",2
"social programs",9
"racial focus",4
"gender identity",2
"feeling excluded",8
"age-related challenges",10
"distance from family",1
"distance from friends",8
"starting over",2
"family estrangement",1
"aging",10
"social interaction",9
"friendship",2
"home maintenance",2
"not applicable",2
"homeownership pressure",7
"single parent",1
"limited resources",5
"educational gaps",10
"social support",2
"career opportunities",3
"identity concerns",9
"power dynamics",9
"rural isolation",5
"power outages",5
"poor infrastructure",5
"limited internet",5
"broken promises",8
"self-neglect",8
"lack of opportunities",8
"job scarcity",3
"ai competition",6
"financial debt",7
"training costs",7
"unpaid bills",7
"social regression",9
"legal threats",5
"unwelcoming environment",8
"marriage equality",2
"cultural backlash",9
"education delay",10
"social skills",2
"knowledge gaps",10
"self-esteem",2
"corporate dominance",9
"barriers to entry",5
"capital access",7
"market competition",9
"minority status",4
"overlooked",8
"not taken seriously",8
"knowledge undervalued",8
"financial success",7
"affording vacations",7
"life progression",2
"lack of promotion",8
"job monotony",3
"chronic illnesses",5
"disabilities",5
"activity limitations",5
"job market",3
"wage stagnation",7
"family affordability",7
"american dream",2
"age factors",10
"life struggles",2
"emotional burden",5
"lack of ambition",8
"cultural differences",10
"societal values",9
"lack of connection",8
"age differences",10
"civil rights changes",9
"parenting demands",1
"lifestyle disparity",4
"tech adaptation",6
"social media",6
"internet",6
"cell phones",6
"physical injury",5
"limited mobility",5
"emotional distress",5
"empathy development",2
"relationship skills",2
"financial struggle",7
"lack of advancement",8
"age pressure",10
"uncertainty",8
"inability to save",7
"age disparity",10
"rising crime",9
"personal effort insufficient",8
"temporary setbacks",5
"quality education",2
"youth programs",2
"community support",2
"economic system",7
"high living costs",7
"education barriers",5
"housing affordability",7
"entrepreneurship",3
"social expectations",9
"social judgment",9
"education expectations",2
"underemployment",3
"meager income",7
"age",10
"missed chances",8
"lack of recognition",8
"financial dependency",7
"personal stagnation",8
"automation threat",6
"job security",3
"savings insufficiency",7
"inheritance",1
"housing inequality",4
"luxury lifestyle",2
"travel opportunities",2
"ignored generation",8
"credit score impact",7
"financial inequality",4
"generational focus",10
"economic shifts",9
"contentment",2
"clear goals",2
"self-awareness",2
"wasteful spending",7
"high taxes",7
"social media trends",6
"federal benefits",7
"not targeted",8
"corporate america",9
"excessive taxes",7
"work penalties",7
"property taxes",7
"medical condition",5
"lack of income",7
"family strain",1
"limited work ability",5
"extreme views",9
"lack of voice",8
"government focus",9
"social injustice",4
"self reliant",2
"independent",2
"forged ahead",2
"accomplishments",2
"comparison with others",2
"lack of family",1
"high bills",7
"daily stress",5
"loss of spouse",1
"retirement plans",7
"emotional support",2
"lack of experience",8
"optimism",2
"self-motivation",2
"positive mindset",2
"faith in god",2
"spiritual fulfillment",2
"eternal perspective",2
"lack of mobility",5
"job insecurity",3
"unfair treatment",4
"safety concerns",5
"economic barriers",7
"political exclusion",9
"taxation decisions",7
"limited income",7
"family support",1
"government policies",9
"overseas outsourcing",3
"ai advancements",6
"changing expectations",2
"salary disparities",4
"location stagnation",8
"financial stagnation",7
"family relocation",1
"economic pressure",7
"multiple jobs",3
"knowledge gap",10
"communication style",2
"political division",9
"social values",9
"empathy gap",10
"rising rent",7
"college expenses",7
"environmental decline",9
"authoritarianism",9
"free speech limits",5
"retirement insecurity",7
"motivation issues",8
"educational support",2
"policy issues",9
"policies",9
"program cuts",7
"political violence",9
"rigged system",4
"lack of achievements",8
"regret",8
"miscommunication",8
"transportation issues",5
"missed milestones",8
"feeling stuck",8
"comparison to others",2
"salary expectations",3
"economic recession",7
"career advice",3
"healthcare loss",5
"job market challenges",3
"personal achievements",2
"life goals",2
"bad luck",8
"poor choices",8
"automation impact",6
"economic pressures",7
"social media exposure",6
"privacy concerns",5
"market timing",6
"work life balance",3
"work stress",3
"overthinking",8
"home responsibilities",1
"religious disconnection",8
"cultural shift",9
"personal change",2
"recently widowed",1
"retirement activities",2
"missing companionship",8
"age-related changes",10
"materialism",9
"chasing success",2
"social safety nets",7
"disability support",5
"public empathy",2
"social connections",9
"career choice",3
"material success",2
"savings pressure",7
"financial expectations",7
"dead-end jobs",3
"job competition",3
"toxic work culture",9
"lack of reward",8
"no friends",8
"domestic duties",1
"no job",3
"disability",5
"limited advancement",8
"career barriers",3
"mental fatigue",5
"troubled background",8
"career focus",3
"insufficient raises",7
"elderly struggles",5
"disability income",7
"education opportunities",3
"career advancement",3
"insurance neglect",5
"medical system",5
"technological change",6
"artificial intelligence",6
"learning pressure",2
"adaptation needs",2
"racial background",4
"self-taught skills",2
"social change",9
"political shifts",9
"technology pace",6
"conservative values",9
"targeted ads",6
"music preferences",2
"economic changes",7
"technological advances",6
"cultural changes",9
"fear of rejection",8
"travel experience",2
"new car",6
"no degree",8
"retirement goals",2
"job search",3
"household duties",1
"volunteer commitments",2
"chronic illness",5
"medical complications",5
"no feelings of being left out",8
"trauma",5
"coping difficulties",5
"celebrity news",2
"athlete updates",2
"lack of sponsorship",8
"limited extra hours",5
"missed promotions",8
"anxiety in meetings",5
"confidence issues",5
"need for feedback",2
"ai knowledge",6
"trend awareness",6
"financial opportunities",7
"economic well-being",7
"wage increases",7
"technological advancement",6
"labor market shifts",3
"social comparisons",2
"professional aspects",3
"financial aspects",7
"education costs",7
"living expenses",7
"government inaction",8
"comparison",2
"goal setbacks",2
"lack of drive",8
"unfulfilling job",3
"health neglect",5
"political polarization",9
"cultural alienation",9
"identity conflict",9
"fixed income",7
"social separation",9
"beauty standards",2
"makeup skills",2
"group activities",2
"faith",2
"trust in god",2
"family reliance",1
"job discrimination",4
"mental health access",5
"late diagnosis",8
"career limitations",3
"infertility",5
"adoption costs",7
"early marriage",1
"young parenthood",1
"no higher education",8
"family responsibilities",1
"family pressure",1
"discouragement",8
"lack of fulfillment",8
"wealth inequality",4
"social class",9
"technology advances",6
"cost of living",7
"ai",6
"smart devices",6
"income limits",7
"employment challenges",3
"communication barriers",5
"medical assistance",5
"child safety",1
"system failure",5
"limited leisure",5
"travel restrictions",5
"tax policies",7
"marginalization",9
"health insurance",5
"essential programs",7
"long work hours",3
"salary disparity",4
"bad policies",9
"vocal minority",9
"fear",8
"hatred",8
"education focus",2
"investment knowledge",2
"education gaps",10
"workforce preparation",3
"part time work",3
"career goals",3
"education mismatch",4
"lost time",8
"mobility limitations",5
"career access",3
"support networks",2
"communication gaps",10
"resource limitations",5
"restricted activities",5
"career gap",3
"stay at home",1
"military spouse",1
"financial concerns",7
"sibling favoritism",1
"parental neglect",1
"career recognition",3
"external comparison",2
"fast trends",6
"milestone pressure",2
"career progression",3
"social milestones",2
"sports knowledge",2
"divorce",1
"false accusations",8
"legal system bias",4
"transgender discrimination",4
"parental alienation",1
"mental health impact",5
"social neglect",8
"consumer influence",9
"funding cuts",7
"social changes",9
"field saturation",2
"no assistance",8
"middle class burden",7
"underpaid",7
"family development",1
"real estate ownership",7
"stable foundation",2
"childhood trauma",5
"abandonment",8
"emotional distance",8
"technology impact",6
"invisible statistics",5
"weak safety net",5
"unaffordable healthcare",7
"saving challenges",2
"no factors identified",5
"income decrease",7
"nontraditional background",2
"training undervalued",2
"close mindedness",8
"nonconformist",8
"ai implementation",6
"learning curve",2
"identity politics",9
"hiring bias",4
"perceived inequalities",4
"over-correction",8
"employment opportunities",3
"career change",3
"unfair policies",4
"work-life imbalance",3
"lack of time",8
"missing out",8
"youth skipped",8
"different stages",2
"time lost",8
"personal trauma",5
"caretaker role",1
"no personal time",8
"lack of respect",8
"public mockery",9
"no education",8
"no college",8
"disconnection",8
"health risks",5
"job stress",3
"relationship changes",1
"life transition",2
"loss of stability",8
"systemic bias",4
"political influence",9
"working class struggles",9
"career pressure",3
"self doubt",8
"failed ideologies",9
"radicalization",9
"neoconservatism",9
"neoliberalism",9
"fractured parties",9
"social issues",9
"private equity",7
"political issues",9
"financial growth",7
"opportunity access",2
"moving on",2
"career instability",3
"burnout recovery",2
"globalization",9
"automation",6
"policy shifts",9
"high expenses",7
"communication gap",10
"personal choice",2
"minimalism",2
"nature preference",2
"solitude",8
"art focus",2
"limited ambition",8
"lifestyle differences",10
"adult accomplishments",2
"late graduation",8
"late college start",8
"pensionable income",7
"political misinformation",9
"media bias",9
"lack of transparency",8
"adhd diagnosis",5
"reciprocity issues",9
"adult challenges",5
"career aspirations",3
"creative pursuits",2
"professional success",3
"political blame",9
"immigration issues",5
"lack of dialogue",8
"entrenched views",9
"stalemate",8
"closed cooperation",2
"age difference",10
"workplace dynamics",3
"fast-paced life",2
"different values",2
"consumerism",9
"community focus",2
"local support",2
"complexity increase",6
"degree value",2
"racial inequality",4
"early parenthood",1
"rapid technology",6
"ai takeover",6
"generational shift",10
"tech skills gap",10
"education choices",2
"remote work trends",3
"part-time work",3
"delayed milestones",8
"minimal jobs",3
"job changes",3
"layoffs",3
"financial setbacks",7
"bankruptcy",7
"catch up",2
"fertility concerns",5
"emotional longing",8
"technology advancements",6
"cultural exposure",9
"financial choices",7
"tax inequality",4
"unfair system",4
"economic stability",7
"low-paying jobs",3
"unpaid internships",3
"degree relevance",2
"career growth",3
"financial disadvantage",7
"social disadvantage",4
"corporate hierarchy",9
"networking",6
"guidance",2
"low salary",7
"income gap",4
"no feelings of being left",8
"social media access",6
"easy adaptation",2
"feeling undervalued",8
"societal perception",9
"late investments",7
"parental guidance",1
"retirement planning",7
"insurance issues",5
"bureaucratic hurdles",5
"personal progress",2
"social alignment",9
"late start",8
"comfortable wage",7
"housing access",7
"peer milestones",2
"car ownership",7
"economic growth",7
"financial gains",7
"economic instability",7
"rising living costs",7
"medical costs",7
"rising expenses",7
"mobility issues",5
"health limitations",5
"transportation barriers",5
"wealth divide",4
"overqualification",3
"lack of vacation",8
"illness",5
"uncontrollable circumstances",5
"unhealthy food",5
"unhealthy environments",5
"no mentorship",8
"decision making",2
"feeling isolated",8
"no factors",8
"feeling out of loop",8
"unchanging environment",2
"financial education",7
"relationship issues",1
"lack of invites",8
"event isolation",5
"citizen status",9
"senior disregard",8
"immigration focus",9
"resource disparity",4
"generation gap",10
"dreams deferred",8
"external pressure",9
"no feeling left behind",8
"social disconnection",8
"political differences",9
"lack of belonging",8
"social climate",9
"corporate greed",9
"training gaps",10
"certification delays",5
"creativity stifled",8
"rigid career paths",3
"societal pressure",9
"lack of open-mindedness",8
"economic focus",7
"validation dependency",2
"slow life undervalued",8
"creative fulfillment",2
"system rigidity",5
"career emphasis",3
"cryptocurrency knowledge",6
"lofty goals",2
"personal creation",2
"technological changes",6
"adoption speed",6
"subtle pressure",9
"self-direction",2
"mass migration",9
"political control",9
"extreme polarization",9
"new tools",6
"fast pace",2
"keeping up",2
"latest app",6
"software updates",6
"work processes",2
"living wage",7
"safe housing",5
"healthy food",2
"sexual identity",2
"social acceptance",9
"community belonging",2
"lack of motivation",8
"disillusionment",8
"uncertain future",8
"utility costs",7
"investment barriers",5
"late childbearing",1
"family milestones",1
"unfulfilled goals",8
"life satisfaction",2
"ai replacement",6
"skill obsolescence",3
"income reduction",7
"racism",4
"ethnic bias",4
"unequal progress",4
"job dependency",3
"lack of wealth",7
"unstable employment",3
"physical limitations",5
"reduced mobility",5
"activity restrictions",5
"economic insecurity",7
"workplace evolution",3
"education expenses",7
"uneven opportunities",4
"resource access",5
"network disparities",4
"economic factors",7
"social factors",9
"lack of preparation",8
"economic upbringing",7
"poor education",8
"government actions",9
"social unrest",9
"lost opportunities",8
"personal struggles",2
"historical inequality",4
"generational wealth",7
"systemic racism",4
"discriminatory policies",4
