"id","n_reasons","mrl","assigned_cluster","avg_cosine_to_assigned","second_best_cluster","second_best_avg_cosine","margin"
"AA643ln",4,0.663636634088987,5,0.52643741091391,8,0.468865714476067,0.0575716964378428
"AA933nr",4,0.687001079530679,3,0.559961760978617,7,0.474911564383755,0.0850501965948613
"AB026gq",4,0.671124366887805,10,0.555097511220568,2,0.47083272383097,0.084264787389598
"AD665iz",8,0.621226589675944,2,0.51598737175664,3,0.479494812047609,0.0364925597090311
"AE792gv",1,1,8,0.536832284456836,2,0.411250644113516,0.12558164034332
"AF694lo",3,0.737301906890367,8,0.552480606163303,3,0.485087902587759,0.0673927035755439
"AF854xi",3,0.736120344293479,2,0.532671419477015,9,0.505135365109068,0.0275360543679475
"AJ808cf",5,0.679884260878361,3,0.528107002637869,2,0.508545665932614,0.0195613367052548
"AL100ck",3,0.737336137451634,5,0.544406030084635,8,0.531185857714457,0.0132201723701777
"AL472lu",4,0.717423298054913,2,0.537320359056245,3,0.519656886540523,0.0176634725157214
"AM344df",4,0.741463552300318,7,0.610332956343125,5,0.429800374270681,0.180532582072444
"AM527mm",4,0.734119173411675,6,0.591274379021858,2,0.418282162686808,0.17299221633505
"AO112kq",1,0.999999999999998,1,0.704347724538782,2,0.549594410177834,0.154753314360948
"AQ686ko",5,0.638344031049147,2,0.507420963132075,3,0.470576760181494,0.0368442029505815
"AR326bo",2,0.815772175318368,9,0.483611301735065,6,0.481200857209861,0.00241044452520311
"AT042br",4,0.716034140271747,7,0.600231271132951,2,0.471657349055855,0.128573922077096
"AU013gb",1,1,5,0.582645684061165,8,0.55528878784617,0.0273568962149956
"AU575uy",5,0.633068522058616,7,0.45532392476499,10,0.42769870027004,0.0276252244949504
"AW542vd",3,0.722491169976096,4,0.558418533440658,9,0.547085088948842,0.0113334444918166
"AZ179ep",9,0.611193022694942,8,0.537141180720135,5,0.509906700793792,0.0272344799263424
"BD199hz",4,0.660274616293362,8,0.50167054191379,7,0.445405504730342,0.0562650371834474
"BD938ty",5,0.609495419434251,2,0.455247032545065,10,0.452629521653253,0.00261751089181256
"BE539qw",5,0.656871892138274,1,0.528788381537745,5,0.519381673010599,0.00940670852714665
"BE829ny",3,0.766632546827243,2,0.551037438833664,1,0.421228048051449,0.129809390782215
"BF150ox",1,0.999999999999998,10,0.741959993022013,4,0.619301896843185,0.122658096178828
"BG089bn",4,0.694781721521792,9,0.539381209081605,4,0.51032971762045,0.0290514914611553
"BG178gw",5,0.654176721004427,7,0.534608326008306,5,0.491678339209068,0.0429299867992382
"BG349hb",2,0.893876742553971,3,0.679626524567644,7,0.571963552191649,0.107662972375994
"BH296yr",3,0.741879317922204,2,0.587167357851685,6,0.53594295372578,0.0512244041259052
"BH576qo",5,0.642238801837264,4,0.478162898477182,9,0.462813256403902,0.0153496420732797
"BL279yh",2,0.808209538068435,7,0.638781669870878,5,0.418844071525303,0.219937598345575
"BP436pl",2,0.791571090521484,6,0.544408913865161,2,0.479511899783518,0.0648970140816422
"BR286du",3,0.778818783933339,2,0.479452923230177,8,0.370888625716383,0.108564297513794
"BR855np",4,0.667689646993695,6,0.502036707183291,2,0.44351827278938,0.0585184343939112
"BS168eh",5,0.655963051745442,8,0.522998026663324,7,0.490903698388557,0.0320943282747665
"BU119qe",5,0.647994047222711,4,0.486837726100414,7,0.471116848414884,0.0157208776855295
"BW018aw",3,0.747324931712681,9,0.553688796380628,4,0.435540707704164,0.118148088676464
"BW867og",4,0.69749931123731,2,0.473810285628108,8,0.375221041307676,0.0985892443204319
"BX704ao",4,0.706712130878144,3,0.478161292278665,2,0.467857792469242,0.0103034998094228
"BX781le",4,0.68269786772689,6,0.559048263873332,10,0.499540481003888,0.0595077828694436
"CC844xw",3,0.722692587446007,3,0.529836831842889,5,0.482197404362776,0.047639427480113
"CD476fe",5,0.680703351517877,7,0.536511625795105,8,0.513279496122278,0.0232321296728277
"CE208al",4,0.677356121724179,2,0.509356597627857,7,0.501318828446893,0.00803776918096377
"CE819nh",4,0.71149859223967,5,0.490882071651288,2,0.479648491993567,0.011233579657721
"CG351mr",6,0.625527070137559,5,0.489177111427583,7,0.482402920371791,0.00677419105579208
"CG393bx",4,0.656668454064884,1,0.459349152375271,2,0.437137037517696,0.0222121148575752
"CG561mp",4,0.743569223350985,8,0.57249346599144,7,0.510528586410176,0.0619648795812645
"CH574yv",3,0.723791731869168,2,0.490836480546005,9,0.469298678353308,0.0215378021926968
"CI580fm",5,0.639734685127658,3,0.468273185916377,7,0.462600868472639,0.00567231744373758
"CM540ie",1,1,7,0.573457981947523,1,0.484813878672,0.0886441032755229
"CN208iy",5,0.668388711663568,5,0.539169793616055,8,0.52877429674758,0.0103954968684749
"CN509wz",3,0.721930721684466,8,0.566634281135666,5,0.479207905330076,0.0874263758055904
"CO512sf",3,0.709913753597243,3,0.508599597341941,2,0.508174819642522,0.000424777699419288
"CQ614mh",3,0.781969067061341,7,0.460675201390368,5,0.455889916515588,0.00478528487478036
"CR333ku",1,0.999999999999998,7,0.486097612787219,3,0.323799979110255,0.162297633676964
"CS553ax",3,0.701900290322175,5,0.513454392378006,2,0.492111350662424,0.0213430417155823
"CT052io",3,0.764524961476629,7,0.569996174443874,2,0.42104238857924,0.148953785864633
"CT263pk",3,0.68554802733768,6,0.418768349763075,8,0.397619327352243,0.0211490224108325
"CT955tc",3,0.750773892946793,7,0.592748443028912,3,0.513475762484197,0.0792726805447155
"CU041lk",5,0.693956677911571,7,0.523979762945016,5,0.417685769709912,0.106293993235103
"CV764gr",5,0.671431810996413,7,0.487830481680379,3,0.474214776477244,0.0136157052031348
"CV908rf",5,0.652682251546465,8,0.494143980195644,2,0.440582549540099,0.0535614306555449
"CY180xv",3,0.740751811843676,1,0.588222193016754,2,0.459940634173675,0.128281558843079
"DD306ls",4,0.700523112061678,7,0.533620896851782,1,0.511904737198795,0.0217161596529871
"DE177qe",3,0.741217542562985,9,0.47969558079247,8,0.447563062690219,0.0321325181022512
"DF982hh",5,0.672825388614115,7,0.581091520687196,3,0.489381465776728,0.0917100549104684
"DG560np",1,1,2,0.520518227732383,3,0.425247400776292,0.0952708269560908
"DH779aw",3,0.76129934548922,8,0.551983184543586,5,0.541854494134248,0.0101286904093376
"DI577ok",5,0.684294632703028,7,0.50454707445331,8,0.498336035290978,0.00621103916233129
"DJ501nh",4,0.692970748694111,7,0.463446707742407,9,0.427487314872858,0.0359593928695486
"DK339up",3,0.809145333945856,7,0.686120619862252,5,0.534696751042713,0.151423868819538
"DL159uv",1,1,8,0.51578224990502,5,0.434230992777588,0.0815512571274317
"DL992xa",5,0.639797302076449,9,0.477577917757472,7,0.477078690499277,0.0004992272581954
"DM073vh",5,0.629064260627125,2,0.469056501299725,9,0.450327119863354,0.0187293814363709
"DM781dn",4,0.728956408324927,7,0.575005725518254,3,0.519390124124455,0.0556156013937993
"DP337od",8,0.592267847080315,8,0.47052261025318,5,0.456374110230738,0.0141485000224414
"DP426dz",1,1,10,0.704869709168492,6,0.590045190108844,0.114824519059648
"DQ595ey",5,0.658532972520725,9,0.540130296514226,6,0.480428679076732,0.0597016174374944
"DQ857wg",3,0.720024800668826,7,0.490629288981967,8,0.474270900748018,0.0163583882339488
"DT164de",1,0.999999999999999,6,0.757524632617318,2,0.445481113954741,0.312043518662577
"DW511sa",6,0.617617297704087,9,0.452997542210921,7,0.450876475737216,0.00212106647370491
"DX427vl",4,0.731622495265588,1,0.511272925992224,8,0.493236630443213,0.0180362955490115
"EC498ll",3,0.721862950017017,4,0.551004624416537,10,0.424580190874214,0.126424433542323
"ED410oh",4,0.659272949251107,6,0.536011747034518,2,0.440742899737515,0.0952688472970027
"EM055qv",4,0.738646246363158,2,0.542620889053093,3,0.410563163263137,0.132057725789956
"ER032la",3,0.764039060663361,7,0.528210778838614,3,0.525833463213488,0.00237731562512622
"ER575jg",4,0.691880631762609,9,0.533972836138171,2,0.454553469170469,0.0794193669677027
"ET422pq",5,0.644088862381082,9,0.482215570172789,7,0.424534895907724,0.0576806742650654
"EU433yx",1,0.999999999999998,7,0.513832717780754,4,0.47961957423586,0.0342131435448944
"EV738rh",4,0.698699816765507,8,0.555414890471792,5,0.494268437271059,0.0611464532007324
"EW125yf",3,0.761215290124385,2,0.451829700679005,8,0.362564844978018,0.0892648557009865
"EX108ab",5,0.673349541987493,7,0.544306590042788,9,0.487251892055263,0.0570546979875249
"EZ994qi",4,0.645079711512834,7,0.517112166051823,5,0.419949208313623,0.0971629577382003
"FA115xh",5,0.680911145482144,8,0.512883287697442,5,0.481738446600652,0.0311448410967901
"FC020tt",5,0.665649506731729,1,0.45335870013508,8,0.440816866074959,0.0125418340601212
"FE177fg",3,0.746878503464098,3,0.535194199774721,8,0.534798367692785,0.000395832081936054
"FF285bj",4,0.693251275034512,9,0.520462203237739,4,0.475831626362691,0.0446305768750477
"FF589yh",2,0.795069981028765,10,0.516538847863313,5,0.464335007746999,0.0522038401163135
"FG134kd",6,0.653947810694487,8,0.507291325013766,5,0.475842378678901,0.0314489463348652
"FJ250ov",5,0.65707112346136,10,0.485089970860154,8,0.47114840584303,0.013941565017124
"FJ786eu",3,0.701554679979791,1,0.505858074616293,2,0.448865923715489,0.0569921509008042
"FL235br",5,0.68687736507666,8,0.525817010812902,5,0.497495969580336,0.0283210412325657
"FM053lx",4,0.660363848806712,8,0.460387304612354,7,0.439293267044712,0.0210940375676415
"FM885yu",3,0.758021175205067,7,0.494210350407911,8,0.452761043585026,0.0414493068228844
"FN164ze",1,1,7,0.627898589911449,9,0.516740561488945,0.111158028422504
"FO016ue",3,0.815816380792216,5,0.668562898265249,8,0.44711030433529,0.221452593929959
"FO336bx",3,0.743060489991536,8,0.597605241419671,5,0.559329698950549,0.0382755424691223
"FO413bz",1,1,6,0.770279898934409,2,0.457652848126628,0.312627050807781
"FP659ra",3,0.768366749204224,8,0.559142041423397,7,0.49254725943795,0.0665947819854464
"FQ207do",5,0.639912664105757,8,0.504877713032426,2,0.459213118828207,0.0456645942042195
"FQ902pf",3,0.750765681305161,7,0.621752435849429,4,0.551685264387513,0.0700671714619157
"FT808qe",6,0.629744230601743,7,0.486001556593344,4,0.45425875320708,0.031742803386264
"FU549as",7,0.584204694441648,8,0.456547849910297,5,0.442174307225684,0.0143735426846133
"FU744fv",5,0.657534357898791,10,0.504831230531302,8,0.451572626859033,0.0532586036722685
"FU860qi",3,0.675311376593322,7,0.438247506196045,3,0.431767251271574,0.00648025492447085
"FU961uc",1,0.999999999999999,8,0.714816173117797,3,0.575554204105248,0.139261969012549
"FV183bb",2,0.820128707694475,7,0.58338447279182,3,0.573731180102656,0.00965329268916382
"FV686ds",1,1,9,0.596476588101538,7,0.498641387694478,0.0978352004070601
"FW773cm",5,0.638189889011394,7,0.506355052429199,9,0.455396700264566,0.0509583521646327
"FW949al",5,0.717425729880376,2,0.579824080559824,3,0.52191848797023,0.0579055925895942
"GA352bk",4,0.665735170105086,6,0.523029399904273,2,0.450584241833925,0.0724451580703482
"GB597mp",1,1,8,0.426929951062837,5,0.376023253731136,0.0509066973317007
"GC048sx",7,0.618740556963857,3,0.507252348768227,7,0.49054449584389,0.0167078529243374
"GC867fi",5,0.641951404323474,10,0.485175436982876,1,0.449673601397447,0.0355018355854293
"GD783vk",3,0.72808383590202,2,0.555410302584826,1,0.527110946002407,0.0282993565824192
"GF097ws",6,0.696622981482962,4,0.59043802695455,7,0.538644985180981,0.051793041773569
"GF177zs",4,0.707531037445937,8,0.556263422250249,2,0.498487088502309,0.0577763337479401
"GG601sy",4,0.688352265026444,8,0.53768275251723,2,0.445540818229287,0.0921419342879425
"GI916ie",3,0.778858403167298,9,0.558871026447247,2,0.545315743435591,0.0135552830116554
"GJ204hx",4,0.693384235941517,7,0.537992214300432,5,0.440255917287977,0.0977362970124555
"GK831qg",3,0.719984623101476,7,0.499608519848436,10,0.494388874421453,0.00521964542698333
"GK929vy",5,0.669303820084024,1,0.536320571894465,3,0.448385618223148,0.0879349536713162
"GN186kv",5,0.652363966031662,3,0.528927831506055,8,0.483561237730897,0.0453665937751584
"GN277uy",3,0.727492441988998,8,0.533442273895964,5,0.522442432467398,0.0109998414285657
"GN948we",5,0.632760123999699,1,0.494895229171861,2,0.473270578586536,0.0216246505853256
"GO178oz",3,0.75899903763861,2,0.559213832057422,8,0.394079289582864,0.165134542474558
"GQ533ee",5,0.671277477831862,9,0.50130304695964,7,0.484339592889505,0.0169634540701343
"GR242ti",3,0.716082208306634,7,0.523764362864003,8,0.485666002000053,0.0380983608639501
"GS216kw",4,0.771303178771764,4,0.678071963070268,9,0.545924060108333,0.132147902961935
"GV609ch",3,0.722789228977596,4,0.568613176953571,7,0.548009290988267,0.0206038859653037
"GW484yw",3,0.74522059884856,5,0.534975392389217,8,0.526065214629226,0.00891017775999092
"GW793po",5,0.682972677425887,7,0.556304062484004,5,0.43789402094608,0.118410041537924
"GY421wr",4,0.667588998760256,9,0.482619965174677,2,0.455304329761126,0.0273156354135509
"HB462ib",5,0.691231980493565,5,0.497878610794982,8,0.479963113837183,0.017915496957799
"HD334ua",6,0.654218374109228,8,0.536541286890455,5,0.524018393177642,0.0125228937128135
"HD873lf",2,0.773057650578609,2,0.436772496498955,8,0.406049644635037,0.0307228518639187
"HF130ga",5,0.683956896172554,7,0.604950622446175,4,0.497599044855421,0.107351577590754
"HH268tt",4,0.701471824705226,2,0.504988333298562,10,0.474532099555889,0.0304562337426726
"HI148ej",3,0.705363830436103,6,0.506029585887465,2,0.425437626105106,0.0805919597823587
"HI410gn",4,0.805662186367112,4,0.691207527242514,7,0.601932330136388,0.0892751971061254
"HM710eb",5,0.693009136130305,9,0.525599247514183,6,0.471690607154347,0.0539086403598368
"HN026zu",5,0.638344684262263,4,0.503214196683661,9,0.482839457406811,0.0203747392768504
"HN052gu",4,0.685658216134038,2,0.517649424740049,3,0.503336739323724,0.0143126854163255
"HN250md",6,0.613490530839905,2,0.47201605514423,9,0.45457702594628,0.0174390291979507
"HN893oh",3,0.759299982151708,7,0.629203345550707,4,0.528043892318096,0.101159453232611
"HT124bs",4,0.689440192131992,5,0.54097203068916,7,0.466453959873636,0.0745180708155247
"HT225gb",6,0.643671327742883,2,0.515982998868279,3,0.486567697958997,0.0294153009092813
"HT432pd",3,0.821930156285213,5,0.610752191158934,8,0.390242730806601,0.220509460352334
"HU141ms",5,0.674014183798075,8,0.537186879353919,5,0.502113362044773,0.0350735173091462
"HV038lh",4,0.698638589517677,7,0.532346703932101,9,0.49336432210336,0.0389823818287406
"HX525bi",7,0.631371443290325,6,0.518579193977514,2,0.431452973960266,0.0871262200172484
"HX537ib",5,0.730633752723529,4,0.65386653506442,9,0.496792471467663,0.157074063596757
"HY211wz",3,0.801062448385711,4,0.69157715661331,9,0.535925975916587,0.155651180696723
"IF261zg",3,0.693782129101405,7,0.535704837642495,2,0.433573832976035,0.10213100466646
"IL005wa",7,0.677676065675789,7,0.491281754348292,9,0.347875414885447,0.143406339462845
"IL024vd",5,0.687433135984178,8,0.50423035428795,5,0.501193723499044,0.00303663078890615
"IO162aa",5,0.684757711988994,5,0.56491699176696,8,0.490565490915004,0.0743515008519564
"IO357xm",10,0.59288858192155,2,0.486585895342636,3,0.465409566546155,0.0211763287964812
"IP332ko",5,0.637808938131256,3,0.475832105350574,9,0.453333035467051,0.0224990698835226
"IS616rd",3,0.800747649556128,7,0.641438472148224,5,0.462596213327539,0.178842258820685
"IU374bt",8,0.628849593645656,7,0.543462821218766,5,0.494408255845026,0.0490545653737406
"IU546pq",2,0.779676207939325,2,0.538706169311611,7,0.477030952232611,0.0616752170790003
"IW372py",5,0.668232769099075,8,0.53482214078368,5,0.499998562235678,0.0348235785480014
"IW499fz",3,0.713277790826744,9,0.512740920191844,6,0.494617145214709,0.0181237749771349
"IX401ko",5,0.637704624311758,2,0.495636925268421,5,0.493095449619465,0.00254147564895624
"IX507uz",4,0.696336524670853,9,0.517228343197649,8,0.51638771304562,0.00084063015202962
"IZ416xc",3,0.702951060761962,1,0.50510483739526,8,0.439529603655522,0.065575233739738
"JA179ax",2,0.786388731599593,6,0.610276220794526,2,0.490561210996171,0.119715009798355
"JA319td",5,0.662501525217458,8,0.470252233968507,5,0.453343529550249,0.0169087044182583
"JA876vv",4,0.673243837002938,5,0.48364127689338,3,0.475646082048197,0.0079951948451833
"JB533xn",5,0.686458390608065,5,0.512801653128633,8,0.442828808510463,0.0699728446181699
"JB547xo",3,0.791378327503175,8,0.50592305104558,2,0.448848531933576,0.0570745191120041
"JD412gi",1,1,8,0.536832284456836,2,0.411250644113516,0.12558164034332
"JH524fk",2,0.782948779129076,6,0.487255264234684,10,0.453554841559679,0.0337004226750042
"JI806hr",6,0.648206369247518,9,0.481506286546169,4,0.474547754571984,0.00695853197418478
"JJ292ry",3,0.761198460582346,2,0.505216149676251,9,0.500268994490537,0.00494715518571354
"JN278wa",3,0.706094937441463,5,0.51559234593114,7,0.489213134772618,0.0263792111585219
"JO695wv",4,0.700131743536483,8,0.567864416714365,2,0.448761314493696,0.119103102220669
"JP480eo",6,0.640746823318983,8,0.500075081847968,2,0.454788037262222,0.045287044585746
"JP598hz",4,0.736160759270031,7,0.587165743635952,4,0.533260000545594,0.0539057430903573
"JS242ky",4,0.684564006138471,3,0.561826378508486,7,0.437207720173477,0.124618658335009
"JU160ak",5,0.672734114019452,7,0.523445984634764,2,0.49211547227099,0.0313305123637739
"JU287wd",3,0.721986329178142,3,0.589713477647176,2,0.49131862680102,0.0983948508461562
"JX559va",4,0.712364839345786,8,0.555402511178963,5,0.509927351398388,0.045475159780575
"KE207bj",5,0.684178269856572,7,0.554624651027906,4,0.533366130586064,0.0212585204418414
"KF132mt",4,0.704939838262695,2,0.545699119711678,3,0.405215271749097,0.140483847962581
"KG807um",3,0.683049494527981,7,0.498047671589983,5,0.422873880244046,0.0751737913459372
"KH798mq",2,0.780088595365188,2,0.550753132497005,8,0.405200264262481,0.145552868234524
"KM917ot",5,0.656700364439172,7,0.503610796723811,1,0.492896652260202,0.0107141444636084
"KO328cu",4,0.683086286059995,3,0.469994053010333,7,0.457865494049104,0.012128558961229
"KO949du",6,0.647796762690192,8,0.532831705962024,5,0.524880493900039,0.00795121206198435
"KR400wk",4,0.677297005130636,2,0.495033778301835,9,0.44588732016179,0.0491464581400443
"KR402op",3,0.764995457179193,9,0.53861885303194,2,0.507155204889345,0.0314636481425954
"KS340ni",3,0.728994235527048,2,0.521531417810932,7,0.521235760239988,0.00029565757094363
"KU796fq",4,0.677389554847413,8,0.486464957906604,10,0.484731909080799,0.00173304882580566
"KV537yv",4,0.707246768636994,2,0.537060141255212,7,0.525869489899468,0.0111906513557439
"LB814px",3,0.729045099542021,8,0.552388518139621,10,0.524606483192397,0.027782034947224
"LC154ox",10,0.60259958859264,4,0.514764615355627,5,0.477038157592122,0.0377264577635055
"LJ614tv",3,0.731637847584986,8,0.539398895926675,5,0.50890162862823,0.0304972672984445
"LM203lv",4,0.733963835416866,4,0.60829685264139,7,0.545705396588144,0.0625914560532461
"LM278pg",5,0.634941636436637,7,0.506986582276659,5,0.477232540966114,0.0297540413105444
"LQ995pc",3,0.704326546191323,6,0.517611062826849,9,0.43696576059242,0.0806453022344291
"LU555hy",5,0.629648334969795,2,0.490456103348446,3,0.46245519082268,0.0280009125257664
"LV604te",3,0.71799006221001,10,0.516557033555578,7,0.500367538041197,0.0161894955143812
"LW015de",5,0.644028566626375,8,0.540827254427693,5,0.470414516116213,0.0704127383114795
"LX127xm",2,0.77909973507717,5,0.404210380742745,7,0.399817399092559,0.00439298165018653
"LX473nm",10,0.642833755941606,9,0.549249125472551,4,0.402348709019084,0.146900416453467
"LY160xl",2,0.80793402947776,5,0.523102180417514,8,0.482507063371373,0.0405951170461401
"LY560up",3,0.745442210917549,9,0.531628069939413,2,0.516327372713664,0.0153006972257483
"LY875eo",4,0.711576114542006,7,0.592220861467392,5,0.465487727149867,0.126733134317525
"ME491pe",3,0.734259084476866,5,0.562884679503304,8,0.518975175968355,0.0439095035349492
"MG377ya",1,0.999999999999999,2,0.437874361948472,8,0.434307212999699,0.00356714894877319
"MI213hv",5,0.638427100913679,9,0.483994019190014,10,0.478294716456641,0.00569930273337305
"ML138al",6,0.617946210688878,8,0.48550991741911,7,0.457700622745872,0.0278092946732381
"MP755no",3,0.753797688991669,8,0.517877426227516,5,0.477989908231365,0.0398875179961514
"MQ318vw",4,0.644699960793498,6,0.519287399562122,2,0.383670154599343,0.135617244962779
"MR145rr",5,0.760403069818299,7,0.669138918216203,5,0.494244008608624,0.174894909607578
"MR969ki",5,0.642549092357358,2,0.520839942175713,3,0.476775542045969,0.0440644001297442
"MS642bk",4,0.699782015247831,2,0.571867511005829,8,0.475892424488911,0.0959750865169179
"MU703vd",5,0.628448380148975,5,0.470963125796744,8,0.431515958091511,0.039447167705233
"MU734ln",4,0.695756314670726,8,0.540490550722154,5,0.522971650683984,0.0175189000381695
"MX598qz",3,0.685371671248232,10,0.469095403996763,2,0.41811308966665,0.0509823143301125
"MY347xn",5,0.656952492378507,3,0.522770033955858,10,0.467511774500754,0.0552582594551034
"NA350sm",5,0.639831634579087,9,0.496055487232514,8,0.433103905082436,0.0629515821500787
"NA398fk",3,0.724359482230493,8,0.49265203249004,9,0.446159565488259,0.0464924670017808
"NB955pn",6,0.65385282929188,3,0.489917367145163,8,0.488441860037197,0.0014755071079654
"ND110jk",3,0.703594452191822,9,0.464278008894971,8,0.418196862754875,0.0460811461400963
"NE988pv",5,0.668757697187606,7,0.592479766717855,3,0.41988632896932,0.172593437748535
"NF942xe",9,0.588697095375137,7,0.481752283663401,5,0.428462153559719,0.0532901301036819
"NG529eq",5,0.672665752296991,7,0.497382532776361,4,0.482663472403653,0.0147190603727084
"NH478sj",5,0.636986299153286,2,0.456579882278486,10,0.449750889923979,0.00682899235450779
"NJ821sr",3,0.847059242854132,4,0.698652717995486,7,0.609082236192999,0.0895704818024871
"NK069kk",5,0.663167754937415,4,0.506278559170377,5,0.47164636609293,0.0346321930774466
"NL597jj",6,0.616710711765795,5,0.473030820069444,7,0.469615379356442,0.00341544071300204
"NL870fm",3,0.7157087734082,2,0.508257449721333,8,0.373243792065728,0.135013657655606
"NN792ji",5,0.71060465796893,8,0.53372080221585,9,0.446218722071251,0.0875020801445995
"NO352cj",5,0.695941601751912,5,0.544231574899458,8,0.491535788136354,0.0526957867631044
"NP275fq",3,0.726712556385944,7,0.554909472941771,2,0.4026751991441,0.152234273797671
"NS037od",2,0.837614066058481,4,0.609010661503557,9,0.508918329651388,0.10009233185217
"NS344pl",5,0.662633705997355,8,0.443971664559648,5,0.43010593805596,0.0138657265036887
"NU162ix",5,0.669918558883909,8,0.518413737024214,2,0.485957592461586,0.0324561445626284
"NU938lf",8,0.638387431222715,2,0.549681804731602,3,0.494457249051528,0.0552245556800738
"NU953yp",3,0.741004039132142,7,0.540874486930515,4,0.524336825666304,0.0165376612642107
"NV960uk",3,0.777831821706108,7,0.637039631138062,5,0.541656906153616,0.095382724984446
"NY746wv",3,0.742856771906156,9,0.561505616053782,4,0.43083752934359,0.130668086710192
"OD569hz",1,1,2,0.543750350359867,9,0.498184927372799,0.045565422987068
"OH140ou",3,0.707845137974814,5,0.554809740551084,8,0.495994693206707,0.0588150473443772
"OH365tg",5,0.649753168388816,7,0.485529137917858,5,0.484287032897639,0.00124210502021971
"OI259em",3,0.739209133423304,7,0.5493157776095,9,0.538340999224083,0.0109747783854176
"OJ155ml",4,0.666738466520672,1,0.472281474609705,8,0.462846487901894,0.0094349867078109
"OJ506dd",1,1,9,0.478262316024529,3,0.428803933678238,0.049458382346291
"OK919yx",4,0.669184723449985,9,0.495330164462278,7,0.47070798564194,0.024622178820338
"OM093qe",5,0.652528280014321,3,0.486707184201233,8,0.484244111176138,0.00246307302509491
"OM532oq",3,0.760947787794215,4,0.598976233273275,7,0.468005801499557,0.130970431773718
"OM569oh",5,0.627733859260842,3,0.476892264701387,2,0.441222337158625,0.0356699275427619
"ON319ul",4,0.691623932215168,7,0.522386804184117,3,0.434199887438895,0.0881869167452218
"ON359vj",3,0.717058674970052,6,0.539793240537021,10,0.409539495125566,0.130253745411456
"ON867gu",3,0.734510005431786,8,0.493326140625727,1,0.488141666031825,0.0051844745939022
"OQ247kv",4,0.703290380744753,5,0.541115843664094,7,0.481709789542002,0.0594060541220918
"OQ499jg",4,0.681717934683401,4,0.508708975353219,9,0.460465533248153,0.0482434421050664
"OU744wl",3,0.73988765212503,3,0.546170882485698,2,0.535270291140747,0.0109005913449515
"OV225ab",3,0.724158116410872,2,0.551057479503235,8,0.488045233235975,0.0630122462672597
"OW275jy",5,0.674689497628259,2,0.527495686179775,3,0.520572212243182,0.00692347393659343
"OX245qr",3,0.741422222973272,8,0.543940924036719,7,0.542545845211505,0.00139507882521339
"OX394bn",2,0.848176368501458,1,0.679811954202216,2,0.472800200299041,0.207011753903175
"OZ594cr",2,0.77127332680454,10,0.5565325904477,8,0.538828119941182,0.0177044705065179
"PA284xc",5,0.649525094184996,5,0.503950283043864,8,0.483107756742052,0.0208425263018121
"PB498bk",5,0.675332691423043,3,0.495801530929101,6,0.46312135195979,0.0326801789693102
"PB670mm",3,0.770730955952356,7,0.514222524746546,5,0.399166636715437,0.115055888031109
"PF318zn",4,0.651116041513681,5,0.495847254236599,8,0.421062010240764,0.074785243995835
"PI748uv",10,0.586054954870436,5,0.470053760859312,9,0.429050471032422,0.0410032898268895
"PI994pb",3,0.731129491621173,2,0.522209925848988,1,0.461318986359037,0.0608909394899511
"PJ079fd",4,0.693606692060689,7,0.592380249324938,4,0.495913591707879,0.0964666576170589
"PJ337yg",3,0.751906077035824,4,0.559235050291924,5,0.532178220623243,0.0270568296686815
"PK191mz",3,0.725552777203585,8,0.553902196556574,9,0.492889083820676,0.061013112735898
"PK259vo",5,0.632580104732824,8,0.51976362408583,2,0.464990861146066,0.0547727629397637
"PK435ka",5,0.640524613045167,8,0.48668669034527,3,0.455714797233202,0.0309718931120681
"PL805ab",1,1,9,0.615341571392746,2,0.466631525329666,0.14871004606308
"PO156kt",1,1,7,0.689947450041911,5,0.578401788115225,0.111545661926686
"PO770wo",5,0.623326071071547,2,0.445070952976919,1,0.443032514062453,0.00203843891446615
"PQ918mo",9,0.628230557914506,5,0.50979164596394,7,0.499860389452689,0.00993125651125082
"PR430ma",3,0.690363012258029,7,0.487412542766063,4,0.485898670121189,0.00151387264487313
"PV159ku",3,0.722947330048573,5,0.575437370741637,7,0.505625199162228,0.0698121715794087
"PX493wi",4,0.671339662721722,8,0.504209412947412,1,0.477725553103349,0.0264838598440637
"PZ184cl",4,0.678451873181845,5,0.491185751337619,8,0.471522156218273,0.0196635951193458
"PZ991ap",3,0.704054274917286,5,0.474724394216089,2,0.397872325728858,0.076852068487231
"QC257uo",4,0.698199515212528,3,0.567591944320901,7,0.529448535284363,0.0381434090365382
"QD492xm",7,0.639033821304622,8,0.488098258883872,7,0.484009917629193,0.00408834125467972
"QD543aa",2,0.805991544000967,7,0.557419128245707,5,0.471948718421054,0.0854704098246525
"QE893no",3,0.778405139249349,7,0.64343451593529,5,0.464863289703312,0.178571226231978
"QG162ia",8,0.59011760565697,7,0.481278440467847,9,0.419886298655462,0.0613921418123859
"QG576pu",4,0.681160521452882,7,0.49451936745706,5,0.485188181540615,0.00933118591644516
"QG923jm",3,0.713199329410559,2,0.431018448263171,7,0.403475941788679,0.0275425064744925
"QI884hj",3,0.693518765113683,2,0.470071490573623,5,0.433904888819745,0.0361666017538779
"QJ270pz",4,0.687670069089222,7,0.560889704136508,5,0.505948933757808,0.0549407703786998
"QL607bz",5,0.671821097785933,5,0.539514447552114,8,0.506035503779095,0.0334789437730192
"QL904qw",4,0.738133176189154,4,0.614683150163054,9,0.540533306202904,0.0741498439601503
"QM743dh",6,0.596882842222924,9,0.456283945456327,7,0.428866163448825,0.027417782007502
"QO413io",1,1,3,0.686055453792347,8,0.579509314536496,0.106546139255851
"QO636sb",3,0.795988012749791,4,0.685651270266201,7,0.569244387785478,0.116406882480723
"QP040wj",3,0.7210230543197,10,0.556102705806537,9,0.469517505463089,0.086585200343448
"QP536zd",4,0.669149377349594,2,0.48958972266179,9,0.452361001304762,0.0372287213570277
"QP727xq",3,0.773465562440196,8,0.555690403600235,7,0.534701462251527,0.0209889413487085
"QS533iy",1,1,4,0.551505303808413,3,0.523907095098892,0.0275982087095207
"QT454qk",5,0.72422989016404,7,0.609300660424776,3,0.494880021903565,0.114420638521211
"QU758rm",3,0.716539071536514,10,0.528256487960831,8,0.522138321219379,0.0061181667414526
"QV633kv",3,0.704258633374044,7,0.543349669572235,5,0.393570702987508,0.149778966584726
"QX488wl",5,0.715241783833386,7,0.597643628225579,4,0.539288762083377,0.0583548661422018
"QY421me",5,0.676549221035743,7,0.560809422249908,2,0.393351170363775,0.167458251886133
"QZ247sn",4,0.662403684740821,7,0.471885509077623,3,0.453452840561297,0.0184326685163266
"RA889ld",3,0.730184665586002,8,0.55369458164531,3,0.490767511740648,0.0629270699046621
"RB831ti",3,0.761399311342654,10,0.669366141443054,5,0.436765286510475,0.232600854932579
"RD109wb",4,0.650279839354512,2,0.488237181594525,3,0.453299466060024,0.0349377155345013
"RD683gv",2,0.836994651277223,5,0.627306081498392,7,0.597371746636119,0.0299343348622736
"RG421qg",3,0.729635588671671,3,0.518929830166414,2,0.477689831550989,0.0412399986154254
"RH687ds",4,0.668159114360854,10,0.533688907242475,5,0.469438387943268,0.064250519299207
"RI066bw",1,0.999999999999999,4,0.743022109140096,10,0.483125093745162,0.259897015394934
"RI649we",3,0.82401736678303,4,0.733580077467082,7,0.522871582102117,0.210708495364965
"RJ671in",3,0.734394943143323,7,0.480554784434324,8,0.457540524023479,0.0230142604108445
"RK254zq",3,0.704303268332063,8,0.514577698835523,3,0.449535401861423,0.0650422969740999
"RL168qq",3,0.751060771546024,7,0.51220148124622,3,0.510693762505121,0.00150771874109867
"RM036rc",8,0.59613345129785,5,0.496659349784526,7,0.454748945524438,0.0419104042600884
"RN934cw",5,0.646484191352272,2,0.530870079898435,3,0.487490285237778,0.0433797946606562
"RP416xo",3,0.682815355924225,9,0.456351107587227,2,0.426899937509455,0.0294511700777714
"RQ419ly",4,0.66894557781468,9,0.552085454938712,2,0.453480171032329,0.0986052839063825
"RR231en",4,0.701659260156837,2,0.54714380480235,8,0.414440800299468,0.132703004502881
"RT607br",3,0.749574417979405,8,0.550700934007013,7,0.487932746660485,0.0627681873465277
"RT991gn",5,0.68964276809726,7,0.583612003735839,4,0.508110112002213,0.0755018917336264
"RU259pj",3,0.706689312944853,9,0.509932965043454,3,0.501083521482992,0.00884944356046169
"RV675bt",2,0.849300575760263,5,0.501635595836908,6,0.484406103755659,0.0172294920812494
"RW357ue",3,0.754128852156286,8,0.495624263138129,3,0.46687578217144,0.0287484809666894
"RW698yj",1,1,3,0.686055453792347,8,0.579509314536496,0.106546139255851
"RY131qq",5,0.664834959651292,3,0.507881540375182,10,0.505492567290434,0.00238897308474861
"RZ523zm",3,0.733286437217631,7,0.531128614783676,4,0.498829500890432,0.032299113893244
"SB461he",1,1,5,0.460255807257832,8,0.441857727156722,0.0183980801011104
"SD242ab",4,0.720586885083684,2,0.533531261269708,1,0.520183562158776,0.0133476991109318
"SG995fs",4,0.660278869095936,2,0.494665492851555,9,0.418877681115018,0.0757878117365367
"SH466ee",4,0.667054831969869,9,0.53040686703597,2,0.412232332973916,0.118174534062054
"SJ388oj",3,0.763895420750579,5,0.543197747616011,2,0.501537977180023,0.0416597704359878
"SJ712ht",5,0.634089714914277,7,0.505528362166954,2,0.447047544828598,0.058480817338355
"SN534pd",2,0.833584783274631,10,0.579908343946543,2,0.516889151887589,0.0630191920589547
"SN630vp",3,0.755640956073494,8,0.526532387749747,9,0.459746560818479,0.0667858269312677
"SR369fj",5,0.649382770600095,7,0.496212827138554,5,0.493089344299382,0.00312348283917219
"SR676nz",5,0.652114764675106,5,0.529048904833497,8,0.497061728693603,0.0319871761398947
"SS639ff",10,0.570085961565003,2,0.452674493117458,9,0.425871197366932,0.0268032957505258
"SW236bh",3,0.768181993666392,7,0.62922185051587,5,0.457485229638393,0.171736620877477
"SX088sg",5,0.652082095557421,9,0.460281443228611,8,0.440378540656871,0.0199029025717392
"SX573qu",8,0.600744121961582,9,0.492026307382785,5,0.47889204032461,0.0131342670581753
"SX833gd",5,0.730348317720628,5,0.624788534994223,8,0.501724017761254,0.123064517232969
"SY475ht",4,0.735306850056988,5,0.594188221316411,7,0.502849353024459,0.0913388682919523
"TA347kr",5,0.665692002967983,7,0.541907748497333,4,0.49574068677981,0.0461670617175223
"TA432bv",1,1,10,0.704869709168492,6,0.590045190108844,0.114824519059648
"TA578wl",4,0.686656366171656,8,0.494893394789641,9,0.460363912553479,0.0345294822361621
"TF770kj",1,1,2,0.657067414071029,3,0.561379689057246,0.0956877250137828
"TG870ml",2,0.778041973912698,1,0.560144309273408,5,0.482919263498214,0.0772250457751935
"TI202hb",1,1,8,0.522392316752291,2,0.390598697063432,0.13179361968886
"TI294kb",3,0.741348464999265,7,0.519496874029961,2,0.401823801624309,0.117673072405652
"TJ448wr",6,0.640355993243329,2,0.478560664746319,8,0.43337384826313,0.045186816483189
"TK032xv",2,0.854917539647186,7,0.623522562096729,3,0.437183170264991,0.186339391831737
"TK193sf",5,0.725311853379697,4,0.613477075266985,9,0.550787567845284,0.0626895074217012
"TL935ko",4,0.701733731085528,6,0.497014179905545,7,0.494701234579936,0.00231294532560894
"TP386pi",5,0.695366707812695,4,0.552994702264865,8,0.51093803860775,0.042056663657115
"TQ369my",5,0.63876558782017,8,0.462195007075503,10,0.448648576663206,0.0135464304122971
"TQ926ak",5,0.646557537701923,7,0.510995151388667,5,0.487554379736101,0.0234407716525656
"TR424fh",4,0.676895471631268,5,0.535912588688693,4,0.425213799609784,0.110698789078909
"TT680ei",3,0.712956789788458,8,0.537183984416756,3,0.48255230694592,0.0546316774708364
"TV180vw",6,0.625557454680497,2,0.523860801893124,6,0.458311519805112,0.0655492820880124
"UA664vx",6,0.645554816985157,5,0.561504564150574,8,0.511660891899953,0.0498436722506216
"UB500zt",3,0.784230017653156,7,0.66668594848081,5,0.522400754292791,0.144285194188019
"UC245pi",6,0.644609431736537,8,0.466243742511397,1,0.424905269094883,0.0413384734165135
"UD204hs",4,0.678483036980427,3,0.522247143343949,2,0.49901844913792,0.0232286942060289
"UE315wy",5,0.68017434301843,3,0.527115634660438,5,0.51750331562382,0.00961231903661852
"UE525nt",5,0.65409071845797,6,0.492004010738525,9,0.469009115856798,0.0229948948817273
"UH011qe",3,0.699739120556255,2,0.487766191578954,3,0.476133969088444,0.0116322224905105
"UJ700kp",3,0.746404543515658,3,0.5391794914191,7,0.529004941798772,0.010174549620327
"UJ854yk",5,0.626332681352378,2,0.503471498704994,9,0.440999335101519,0.0624721636034749
"UK596qd",4,0.722982447754025,7,0.602110184903225,4,0.522755576132398,0.0793546087708263
"UN752pl",3,0.749021226837535,3,0.576204941228219,5,0.499598904176439,0.0766060370517798
"UR141cp",5,0.667450083882086,8,0.528932196421442,1,0.45014521171663,0.0787869847048112
"UU746rq",10,0.583705807018131,7,0.496817589845138,9,0.437099335294924,0.0597182545502146
"UW359jm",5,0.672313800112876,3,0.542172728527348,7,0.52860527300368,0.0135674555236673
"UX056mt",5,0.69619217523104,4,0.561656787026177,7,0.560222173685141,0.0014346133410359
"UX425zb",6,0.656208940162445,4,0.503918300363195,7,0.495722178456305,0.00819612190688956
"UX556eo",4,0.687486255251131,5,0.431063224036377,7,0.427552558239424,0.00351066579695369
"UZ613ob",3,0.735815660273895,7,0.526932347523819,4,0.51887799700889,0.0080543505149292
"VA311qe",2,0.881569656873646,3,0.625451287607552,2,0.585145324604799,0.0403059630027531
"VC313je",3,0.695115207871526,7,0.519590451724508,4,0.454689718216091,0.0649007335084174
"VD530os",3,0.708460123456761,10,0.498448406102056,6,0.48747920087035,0.0109692052317059
"VF433um",2,0.785601444865173,3,0.553671270938012,5,0.532369448200495,0.0213018227375175
"VG376zq",4,0.690055212150303,8,0.478602436727182,5,0.453359007934099,0.0252434287930821
"VJ096up",4,0.724970334642533,5,0.527962103334466,6,0.518076388447242,0.00988571488722367
"VL478ci",3,0.802309676189881,7,0.574430837042321,2,0.494457719821331,0.07997311722099
"VM395ov",1,0.999999999999998,2,0.493554245502258,9,0.456801602310062,0.0367526431921961
"VM643oe",3,0.734889280169357,8,0.532004452675516,7,0.467850475670679,0.0641539770048369
"VN910wa",5,0.680056887818383,4,0.576243561238272,9,0.493216143792084,0.083027417446188
"VO939ds",4,0.702764600017922,10,0.569972968927509,8,0.526962046463304,0.0430109224642052
"VP811cy",2,0.849150941446177,9,0.542668378702901,4,0.438035713773961,0.10463266492894
"VR515wd",2,0.806766774864401,4,0.574873161286276,7,0.556773673638548,0.0180994876477281
"VX734cs",1,1,5,0.5846410097631,7,0.43854745791098,0.14609355185212
"WA812je",4,0.69529117906871,7,0.52189356007101,3,0.464150580786873,0.0577429792841377
"WD342rz",4,0.71077046808088,5,0.532938825875645,8,0.515703798503741,0.0172350273719041
"WE275cu",5,0.693151324753223,7,0.469585240725382,9,0.460626409605649,0.008958831119733
"WE662zz",5,0.656168687824041,5,0.527048788856137,8,0.505250548985952,0.0217982398701857
"WF321ea",4,0.702633860934176,2,0.503545690229385,3,0.47866430252183,0.0248813877075559
"WF691up",4,0.699486567976816,2,0.464898503537899,7,0.45328543762561,0.0116130659122894
"WG733rz",5,0.694216837351405,5,0.559726479660567,8,0.422539417698348,0.137187061962219
"WH113lm",3,0.783556258959629,8,0.610702438953,10,0.511614785343524,0.0990876536094756
"WI943pq",3,0.73267378258035,1,0.481541384890651,10,0.481419861386849,0.000121523503801846
"WJ968bm",8,0.583188702775728,8,0.478463132415801,5,0.423246002457924,0.0552171299578773
"WK418dj",2,0.851584122936794,8,0.560783010444208,2,0.501386771664748,0.0593962387794607
"WK973xh",5,0.658076677609906,7,0.490081808561855,8,0.481459900037176,0.00862190852467926
"WL727ym",3,0.71103058356523,2,0.52118430261106,7,0.482728531785007,0.038455770826054
"WL939wr",8,0.564198230735066,7,0.44765243772692,9,0.433032560826597,0.0146198769003231
"WM145bv",4,0.688863471194976,7,0.554201877625647,4,0.436180317943863,0.118021559681784
"WM841qg",1,0.999999999999999,8,0.547201890630068,2,0.352065180273866,0.195136710356202
"WN361nv",5,0.676955912224761,4,0.587506133515367,9,0.475816026883377,0.11169010663199
"WN777qv",3,0.720016016019387,5,0.482964980975841,7,0.458866495426817,0.0240984855490232
"WR803tj",4,0.703722854794697,5,0.541364520822585,7,0.476339844471207,0.0650246763513774
"WS064td",5,0.628699604552476,2,0.473649221237433,8,0.440828919340045,0.032820301897388
"WV473sm",5,0.652704094406455,5,0.494088435903241,7,0.484229219076358,0.00985921682688268
"WW079kh",5,0.68776356079745,8,0.552832691961125,5,0.431865979939448,0.120966712021677
"WX586rx",5,0.665793156347332,8,0.458758526635302,1,0.445625084901116,0.0131334417341862
"WY816yt",3,0.767640233886604,9,0.564973625333283,8,0.554680485775497,0.0102931395577861
"XC436vk",3,0.743654385607003,4,0.54153235768681,7,0.514049932919783,0.027482424767027
"XC614bh",3,0.750002610343095,7,0.526454849903128,8,0.49714672024484,0.0293081296582884
"XD294xa",5,0.68937127216907,7,0.550335862618654,4,0.513201338356732,0.0371345242619218
"XE150kp",2,0.818942319507242,3,0.588746967389125,7,0.448384246939318,0.140362720449806
"XF517kf",4,0.698852858415046,2,0.487924320935889,8,0.486518037890675,0.0014062830452134
"XJ292no",5,0.652156983840685,7,0.499055861681467,2,0.44010419230075,0.0589516693807173
"XJ639dz",5,0.672223805408777,7,0.516259721846142,5,0.468670422717278,0.0475892991288638
"XK539tt",3,0.695500512804028,7,0.505182262988598,3,0.475430672774534,0.0297515902140636
"XL018zt",4,0.743629759115563,5,0.602662289472149,8,0.466947197962649,0.1357150915095
"XN866pe",4,0.671859147854702,2,0.48457936338883,9,0.458691331486854,0.0258880319019757
"XP416tm",5,0.639909714092141,5,0.482590645329615,3,0.475620050798343,0.00697059453127219
"XR550uh",4,0.74465880925075,7,0.586594136386898,1,0.525909756500816,0.0606843798860816
"XR573vk",4,0.686423685411113,4,0.558887314657751,3,0.423738884860415,0.135148429797336
"XR812ue",3,0.867241360704762,4,0.683204765763685,9,0.468400814910611,0.214803950853074
"XU758kn",2,0.775095457196747,8,0.462647009223396,2,0.459109738555685,0.00353727066771181
"XV518hn",2,0.797175340362795,9,0.481846967071017,4,0.428735205659172,0.0531117614118456
"XV904lx",4,0.672466172406912,5,0.489554423045101,8,0.46023236448421,0.0293220585608907
"XW245ap",4,0.73362665917751,6,0.534110118942131,10,0.519382430395876,0.0147276885462552
"XX734xo",1,1,8,0.485222287296522,5,0.446607432823777,0.0386148544727448
"XX794qc",6,0.651060269983511,7,0.530368340159111,3,0.488603939187653,0.0417644009714573
"XY689fu",2,0.791933963648146,10,0.522315801203331,4,0.50041338608052,0.021902415122811
"XY767ru",4,0.700050253946428,2,0.509631897631091,1,0.490819516823206,0.0188123808078853
"XZ251vo",4,0.666203150999594,8,0.485156587172868,2,0.470820907871522,0.0143356793013461
"XZ552yv",6,0.67320502706872,3,0.575019703356716,8,0.454972115739876,0.12004758761684
"YA352wc",5,0.676294429819484,7,0.566974545713063,5,0.436194864308026,0.130779681405036
"YB034wi",2,0.845766077563534,3,0.603720799507486,2,0.569115084241002,0.034605715266484
"YB291ss",3,0.807010931830804,7,0.547564624896523,5,0.391966991254023,0.1555976336425
"YD630gm",3,0.792418339140189,2,0.554150090707613,9,0.434281302659123,0.11986878804849
"YE604sc",5,0.657732106874005,8,0.534005079600006,5,0.454662982732716,0.07934209686729
"YJ789uu",3,0.767251682890261,9,0.510849039312721,8,0.475085981861925,0.0357630574507955
"YJ809lu",4,0.657007394210314,8,0.477052515893286,2,0.476650714895191,0.000401800998095669
"YK208mf",3,0.754535966759788,7,0.584989467351169,5,0.524328413338374,0.0606610540127946
"YM811wt",5,0.65528368603624,2,0.484339920081937,7,0.479551261388816,0.00478865869312045
"YN547hw",1,1,2,0.406283511129927,8,0.393681955272129,0.012601555857797
"YN956lq",2,0.79062140143024,4,0.583915641791267,9,0.497288825403034,0.0866268163882328
"YP957ma",6,0.665600903079472,7,0.531848160621357,5,0.482968384517458,0.0488797761038994
"YR500fx",1,0.999999999999999,10,0.783797561792269,1,0.454924989348445,0.328872572443823
"YT739dx",5,0.631259698011861,7,0.509320451336344,3,0.429721985493104,0.0795984658432398
"YU009ca",5,0.755994390552217,4,0.714647741107225,9,0.516504751429787,0.198142989677439
"YW978at",1,0.999999999999999,2,0.437874361948472,8,0.434307212999699,0.00356714894877319
"YY734mv",2,0.77105083909691,10,0.459865367947839,9,0.432698117516825,0.0271672504310139
"YZ699kq",3,0.775107931174731,7,0.569311866266401,3,0.565110914430671,0.00420095183572966
"ZB292nx",5,0.616808422600918,5,0.472765265901675,9,0.452061212355648,0.0207040535460271
"ZE908xd",4,0.725304093454851,7,0.63511995685248,4,0.482589429972297,0.152530526880182
"ZF945ec",4,0.741179601918615,8,0.618351154257086,5,0.484858615653607,0.133492538603479
"ZG218to",3,0.749800267510921,8,0.521416230809853,2,0.514362823068818,0.00705340774103558
"ZG925ys",5,0.692117887091629,7,0.529637714776919,2,0.497774443592925,0.0318632711839948
"ZG979wg",3,0.72163923553275,9,0.51779307386681,8,0.451858655580753,0.0659344182860567
"ZH037kq",3,0.682920591545728,2,0.431982759968727,8,0.418812690379036,0.0131700695896916
"ZH665cn",4,0.675967332191548,8,0.518023684685131,2,0.47104235001688,0.0469813346682515
"ZK247bs",4,0.682680307309765,8,0.488586826345497,5,0.483319235460125,0.00526759088537171
"ZK387ct",3,0.780444854873167,2,0.633957067451983,3,0.546594014921601,0.0873630525303822
"ZM262eq",5,0.684772180354289,7,0.571724760958572,4,0.478927757825135,0.0927970031334373
"ZM824bm",4,0.694631127428173,7,0.541314909097026,3,0.487281551408919,0.0540333576881074
"ZM868ah",3,0.781520064107197,8,0.600444330011734,7,0.535214663738817,0.0652296662729168
"ZN533mp",4,0.712247484215787,8,0.53852018354999,3,0.521759316650877,0.0167608668991127
"ZO116lj",3,0.727820816773606,2,0.408291443689712,9,0.389325573169367,0.0189658705203456
"ZO538zc",4,0.678395785122743,8,0.475845656280107,2,0.430137892359791,0.0457077639203158
"ZO984zx",3,0.754781846409226,2,0.524321483053831,9,0.418495368905173,0.105826114148658
"ZR277ob",5,0.66969927439605,7,0.518275752373329,8,0.505145836684229,0.0131299156891004
"ZR467yr",2,0.92437991357414,9,0.562910305382953,7,0.530624420823966,0.0322858845589874
"ZR555ou",3,0.692858717816657,7,0.522710199918716,2,0.458554808554192,0.0641553913645248
"ZR680ua",4,0.692767318629159,8,0.485384985400403,10,0.474892233334189,0.0104927520662136
"ZS469bs",10,0.619270901650366,9,0.507398446752947,5,0.476000605397255,0.031397841355692
"ZS961az",1,1,9,0.57723130674411,2,0.562117499735434,0.0151138070086766
"ZT204ll",3,0.809265977329976,2,0.537064875387264,8,0.386032498884638,0.151032376502625
"ZT250ph",1,1,2,0.406283511129927,8,0.393681955272129,0.012601555857797
"ZT458jl",5,0.714934606191672,7,0.59254784689916,5,0.497105475724729,0.0954423711744306
"ZV129le",3,0.908527192780412,4,0.787620421432904,7,0.586616459142123,0.201003962290781
"ZW513ae",5,0.699419573715591,4,0.594127605726983,5,0.529191939818454,0.064935665908529
