"PID","Status","StartDate","Progress","Duration..in.seconds.","Finished","consent","gender_.99_TEXT","race_8_TEXT","age","feedback","Election","CAND_1","CAND_2","RACETYPE","vote_who","vote_who_3_TEXT","vote_who_nyc","vote_who_nyc_8_TEXT","gender","race_1","race_2","race_3","race_4","race_5","race_6","race_7","race_8","income","edu"
"IP051gu","0","2025-11-05 09:00:20","100","21","1","1","","","27","","New Jersey","Jack Ciattarelli","Mikie Sherill","Gubernatorial","${e://Field/CAND_2}","","","","woman","White","","","","","","","","Prefer not to answer","4yearColl"
"TN451lv","0","2025-11-05 09:00:25","100","21","1","1","","","33","","New Jersey","Jack Ciattarelli","Mikie Sherill","Gubernatorial","${e://Field/CAND_1}","","","","man","White","","","","","","","","$20,001-$40,000","2yearColl"
"SP917fq","0","2025-11-05 09:00:23","100","31","1","1","","","44","Vote Blue!!!","New Jersey","Jack Ciattarelli","Mikie Sherill","Gubernatorial","${e://Field/CAND_2}","","","","woman","White","","","","","","","","$140,001-$160,000","4yearColl"
"QP352vh","0","2025-11-05 09:00:23","100","33","1","1","","","41","","New Jersey","Jack Ciattarelli","Mikie Sherill","Gubernatorial","${e://Field/CAND_2}","","","","man","White","","","","","","","","$0-$20,000","GED"
"BN397yi","0","2025-11-05 09:00:26","100","35","1","1","","","32","","New York City","Zohran Mamdani","Andrew Cuomo","Mayoral","","","${e://Field/CAND_1}","","man","","","","Asian","","","","","$120,001-$140,000","MA"
"CZ599zr","0","2025-11-05 09:00:30","100","32","1","1","","","27","","New Jersey","Jack Ciattarelli","Mikie Sherill","Gubernatorial","${e://Field/CAND_2}","","","","woman","White","","","","","","","","$0-$20,000","GED"
"UL472ta","0","2025-11-05 09:00:39","100","34","1","1","","","23","","Minneapolis","Jacob Frey","Omar Fateh","Mayoral","Other","Jazz Hampton","","","man","White","","","","","","","","$80,001-$100,000","4yearColl"
"UE766qa","0","2025-11-05 09:00:42","100","42","1","1","","","39","","Seattle","Bruce Harrell","Katie Wilson","Mayoral","","","","","man","White","","","","","","","","$40,001-$60,000","2yearColl"
"WF303cq","0","2025-11-05 09:00:36","100","48","1","1","","","46","","New Jersey","Jack Ciattarelli","Mikie Sherill","Gubernatorial","${e://Field/CAND_2}","","","","man","","","","Asian","","","","","$60,001-$80,000","4yearColl"
"GK533ht","0","2025-11-05 09:00:32","100","55","1","1","","","43","","New Jersey","Jack Ciattarelli","Mikie Sherill","Gubernatorial","","","","","woman","White","","","","","","","","$40,001-$60,000","GED"
"OD169hz","0","2025-11-05 09:00:30","100","71","1","1","","","28",NA,"New Jersey","Jack Ciattarelli","Mikie Sherill","Gubernatorial","${e://Field/CAND_2}","","","","woman","White","","","","","","","","$0-$20,000","4yearColl"
"FT266jm","0","2025-11-05 09:01:02","100","84","1","1","","","44","","New Jersey","Jack Ciattarelli","Mikie Sherill","Gubernatorial","","","","","man","White","","","","","","","","$60,001-$80,000","GED"
"UD958rn","0","2025-11-05 09:01:59","100","36","1","1","","","39","","New Jersey","Jack Ciattarelli","Mikie Sherill","Gubernatorial","${e://Field/CAND_1}","","","","woman","","","Black or African American","","","","","","$40,001-$60,000","4yearColl"
"HB590sd","0","2025-11-05 09:02:02","100","40","1","1","","","39","","New Jersey","Jack Ciattarelli","Mikie Sherill","Gubernatorial","${e://Field/CAND_2}","","","","woman","White","","","","","","","","$100,001-$120,000","4yearColl"
"IN988rh","0","2025-11-05 09:02:30","100","25","1","1","","","36","","New Jersey","Jack Ciattarelli","Mikie Sherill","Gubernatorial","${e://Field/CAND_2}","","","","man","White","","","","","","","","$40,001-$60,000","4yearColl"
"UD677gt","0","2025-11-05 09:02:40","100","29","1","1","","","31","","New York City","Zohran Mamdani","Andrew Cuomo","Mayoral","","","${e://Field/CAND_1}","","man","","","Black or African American","","","","","","$40,001-$60,000","GED"
"YF795nd","0","2025-11-05 09:02:48","100","40","1","1","","","47","","New Jersey","Jack Ciattarelli","Mikie Sherill","Gubernatorial","${e://Field/CAND_2}","","","","woman","White","","","","","","","","$0-$20,000","MA"
"ST918xb","0","2025-11-05 09:01:30","100","135","1","1","","","28","","New Jersey","Jack Ciattarelli","Mikie Sherill","Gubernatorial","${e://Field/CAND_2}","","","","man","White","","","","","","","","$80,001-$100,000","4yearColl"
"BN920lq","0","2025-11-05 09:03:48","100","20","1","1","","","21","","New Jersey","Jack Ciattarelli","Mikie Sherill","Gubernatorial","${e://Field/CAND_2}","","","","man","White","","","","","","","","$60,001-$80,000","GED"
"SV448du","0","2025-11-05 09:04:55","100","30","1","1","","","21","","New Jersey","Jack Ciattarelli","Mikie Sherill","Gubernatorial","${e://Field/CAND_2}","","","","man","White","","","Asian","","","","","Prefer not to answer","GED"
"SF961oi","0","2025-11-05 09:06:26","100","69","1","1","","","56","","Seattle","Bruce Harrell","Katie Wilson","Mayoral","Other","Jason Rantz","","","man","White","","","","","","","","$160,001-$180,000","MA"
"DG241hf","0","2025-11-05 09:06:15","100","93","1","1","","","63","","New Jersey","Jack Ciattarelli","Mikie Sherill","Gubernatorial","${e://Field/CAND_1}","","","","woman","White","","","","","","","","$80,001-$100,000","2yearColl"
"SW576jz","0","2025-11-05 09:05:24","100","145","1","1","","","35","","New Jersey","Jack Ciattarelli","Mikie Sherill","Gubernatorial","${e://Field/CAND_1}","","","","man","","","Black or African American","","","","","","$80,001-$100,000","4yearColl"
"PQ033ut","0","2025-11-05 09:07:34","100","19","1","1","","","18","","New Jersey","Jack Ciattarelli","Mikie Sherill","Gubernatorial","${e://Field/CAND_2}","","","","man","White","","","","","","","","$40,001-$60,000","2yearColl"
"RF821pd","0","2025-11-05 09:07:23","100","31","1","1","","","33","","New Jersey","Jack Ciattarelli","Mikie Sherill","Gubernatorial","${e://Field/CAND_1}","","","","man","White","","","","","","","","$180,001-$200,000","2yearColl"
"IG286jp","0","2025-11-05 09:06:03","100","115","1","1","","","38","","New Jersey","Jack Ciattarelli","Mikie Sherill","Gubernatorial","${e://Field/CAND_1}","","","","man","White","","","","","","","","$180,001-$200,000","MA"
"YL559gf","0","2025-11-05 09:07:26","100","35","1","1","","","48","Woke up today feeling hopeful for the first time in a long time :)","New York City","Zohran Mamdani","Andrew Cuomo","Mayoral","","","${e://Field/CAND_1}","","woman","White","","","","","","","","$100,001-$120,000","4yearColl"
"EY589ii","0","2025-11-05 09:07:43","100","35","1","1","","","46","","New York City","Zohran Mamdani","Andrew Cuomo","Mayoral","","","${e://Field/CAND_1}","","man","White","","","","","","","","$80,001-$100,000","PHD"
"FU799cx","0","2025-11-05 09:07:18","100","60","1","1","","","29","","Minneapolis","Jacob Frey","Omar Fateh","Mayoral","${e://Field/CAND_1}","","","","man","","","Black or African American","","","","","","$140,001-$160,000","MA"
"HM883eo","0","2025-11-05 09:00:29","100","480","1","1","","","32","","","","","","","","","","man","","","","Asian","","","","","$20,001-$40,000","GED"
"AA207ao","0","2025-11-05 09:06:49","100","127","1","1","","","37","","New York City","Zohran Mamdani","Andrew Cuomo","Mayoral","","","${e://Field/CAND_1}","","man","White","","","","","","","","$60,001-$80,000","4yearColl"
"IW323cq","0","2025-11-05 09:08:25","100","36","1","1","","","21","College Student","New York City","Zohran Mamdani","Andrew Cuomo","Mayoral","","","${e://Field/CAND_1}","","woman","White","","","","","","","","Over $200,000","GED"
"YF122dn","0","2025-11-05 09:08:36","100","30","1","1","","","46","","New Jersey","Jack Ciattarelli","Mikie Sherill","Gubernatorial","${e://Field/CAND_2}","","","","woman","White","","","","","","","Other (please specify)","$160,001-$180,000","PHD"
"MC845la","0","2025-11-05 09:09:14","100","31","1","1","","","47","","New Jersey","Jack Ciattarelli","Mikie Sherill","Gubernatorial","${e://Field/CAND_2}","","","","woman","","Hispanic, Latino, or Spanish origin","","","","","","","$60,001-$80,000","MA"
"KM695ho","0","2025-11-05 09:09:31","100","25","1","1","","","21","","New York City","Zohran Mamdani","Andrew Cuomo","Mayoral","","","I have not voted","","woman","","","","Asian","","","","","$20,001-$40,000","GED"
"ZW291vm","0","2025-11-05 09:10:02","100","26","1","1","","","53","","New Jersey","Jack Ciattarelli","Mikie Sherill","Gubernatorial","${e://Field/CAND_2}","","","","woman","White","","","","","","","","Over $200,000","4yearColl"
"SA940ez","0","2025-11-05 09:10:30","100","24","1","1","","","26","","New Jersey","Jack Ciattarelli","Mikie Sherill","Gubernatorial","${e://Field/CAND_2}","","","","woman","","Hispanic, Latino, or Spanish origin","","","","","","","$140,001-$160,000","4yearColl"
"LZ303dz","0","2025-11-05 09:11:12","100","21","1","1","","","19","","New York City","Zohran Mamdani","Andrew Cuomo","Mayoral","","","${e://Field/CAND_1}","","man","White","","","","","","","","$0-$20,000","4yearColl"
"WU392mq","0","2025-11-05 09:11:16","100","25","1","1","","","27","","New York City","Zohran Mamdani","Andrew Cuomo","Mayoral","","","${e://Field/CAND_1}","","woman","White","","","","","","","","Over $200,000","PHD"
"ED185wf","0","2025-11-05 09:11:27","100","35","1","1","","","44","","New Jersey","Jack Ciattarelli","Mikie Sherill","Gubernatorial","${e://Field/CAND_2}","","","","woman","White","","","","","","","","Over $200,000","MA"
"JS853bf","0","2025-11-05 09:11:29","100","44","1","1","","","29","","Seattle","Bruce Harrell","Katie Wilson","Mayoral","","","","","man","","","","Asian","","","","","$100,001-$120,000","4yearColl"
"NQ116lr","0","2025-11-05 09:12:09","100","30","1","1","","","36","","Seattle","Bruce Harrell","Katie Wilson","Mayoral","${e://Field/CAND_1}","","","","woman","White","","","","","","","","$100,001-$120,000","MA"
"UE322bz","0","2025-11-05 09:14:50","100","62","1","1","","","32","","New Jersey","Jack Ciattarelli","Mikie Sherill","Gubernatorial","","","","","man","","","","Asian","","","","","$20,001-$40,000","4yearColl"
"OY678gt","0","2025-11-05 09:17:07","100","59","1","1","","","47","","New Jersey","Jack Ciattarelli","Mikie Sherill","Gubernatorial","Other","Joanne Kuniansky ","","","man","White","","","","","","","","$40,001-$60,000","4yearColl"
"PC805ur","0","2025-11-05 09:20:08","100","34","1","1","","","27","","New York City","Zohran Mamdani","Andrew Cuomo","Mayoral","","","${e://Field/CAND_1}","","woman","","","Black or African American","","","","","","$100,001-$120,000","MA"
"VO417sg","0","2025-11-05 09:20:10","100","57","1","1","","","70","","New Jersey","Jack Ciattarelli","Mikie Sherill","Gubernatorial","${e://Field/CAND_2}","","","","woman","White","","","","","","","","$40,001-$60,000","2yearColl"
"RM262mv","0","2025-11-05 09:19:21","100","113","1","1","","","33","","New Jersey","Jack Ciattarelli","Mikie Sherill","Gubernatorial","${e://Field/CAND_1}","","","","woman","White","","Black or African American","","American Indian or Alaska Native","","","","$60,001-$80,000","4yearColl"
"VG601ud","0","2025-11-05 09:21:33","100","47","1","1","","","46","","New Jersey","Jack Ciattarelli","Mikie Sherill","Gubernatorial","${e://Field/CAND_2}","","","","man","White","","","","","","","","$100,001-$120,000","4yearColl"
"BH643yd","0","2025-11-05 09:21:53","100","35","1","1","","Guyanese Indian","25","","New York City","Zohran Mamdani","Andrew Cuomo","Mayoral","","","${e://Field/CAND_1}","","man","White","","","","","","","Other (please specify)","$80,001-$100,000","4yearColl"
"VR867rn","0","2025-11-05 09:22:56","100","28","1","1","","","33","","New Jersey","Jack Ciattarelli","Mikie Sherill","Gubernatorial","${e://Field/CAND_2}","","","","woman","White","","","","","","","","$40,001-$60,000","4yearColl"
"FW858tc","0","2025-11-05 09:22:56","100","48","1","1","","","31","","New Jersey","Jack Ciattarelli","Mikie Sherill","Gubernatorial","${e://Field/CAND_2}","","","","man","","","Black or African American","","","","","","$20,001-$40,000","GED"
"WL537sa","0","2025-11-05 09:23:53","100","74","1","1","","","54","","Seattle","Bruce Harrell","Katie Wilson","Mayoral","","","","","man","White","","","","","","","","$0-$20,000","GED"
"VR257oj","0","2025-11-05 09:23:15","100","203","1","1","","","37","A Great Study...hoping to be called again in the future, Thanks.","Seattle","Bruce Harrell","Katie Wilson","Mayoral","${e://Field/CAND_1}","","","","man","","","Black or African American","","","","","","$60,001-$80,000","4yearColl"
"KH969pw","0","2025-11-05 09:25:49","100","53","1","1","","","34","","New York City","Zohran Mamdani","Andrew Cuomo","Mayoral","","","${e://Field/CAND_1}","","woman","","","Black or African American","","","","","","$0-$20,000","4yearColl"
"KQ450uo","0","2025-11-05 09:28:00","100","18","1","1","","","29","","New Jersey","Jack Ciattarelli","Mikie Sherill","Gubernatorial","","","","","woman","","","","Asian","","","","","$100,001-$120,000","MA"
"AC758ua","0","2025-11-05 09:25:17","100","181","1","1","","","28","","Minneapolis","Jacob Frey","Omar Fateh","Mayoral","${e://Field/CAND_2}","","","","woman","","","","Asian","","","","","$100,001-$120,000","4yearColl"
"LQ562zz","0","2025-11-05 09:28:00","100","26","1","1","","","37","","New Jersey","Jack Ciattarelli","Mikie Sherill","Gubernatorial","${e://Field/CAND_2}","","","","man","","Hispanic, Latino, or Spanish origin","","","","","","","Over $200,000","MA"
"HI922yh","0","2025-11-05 09:28:33","100","36","1","1","","","35","","Minneapolis","Jacob Frey","Omar Fateh","Mayoral","${e://Field/CAND_2}","","","","woman","White","","","","","","","","$100,001-$120,000","2yearColl"
"PB184je","0","2025-11-05 09:28:55","100","47","1","1","","","49","","New Jersey","Jack Ciattarelli","Mikie Sherill","Gubernatorial","${e://Field/CAND_2}","","","","man","White","","","","","","","","$120,001-$140,000","4yearColl"
"XC776br","0","2025-11-05 09:31:50","100","30","1","1","","","19","","New Jersey","Jack Ciattarelli","Mikie Sherill","Gubernatorial","${e://Field/CAND_2}","","","",NA,"White","","","","","","","","Prefer not to answer",NA
"XD565hk","0","2025-11-05 09:31:36","100","44","1","1","","","29","","New Jersey","Jack Ciattarelli","Mikie Sherill","Gubernatorial","","","","","woman","White","","","","","","","","$160,001-$180,000","4yearColl"
"XH382vt","0","2025-11-05 09:33:14","100","48","1","1","","","52","Thank you for taking the time to read my responses. ","New Jersey","Jack Ciattarelli","Mikie Sherill","Gubernatorial","","","","","man","White","","","","","","","","$40,001-$60,000","GED"
"BR313wi","0","2025-11-05 09:18:49","100","1127","1","1","","","42","","New Jersey","Jack Ciattarelli","Mikie Sherill","Gubernatorial","${e://Field/CAND_2}","","","","woman","White","Hispanic, Latino, or Spanish origin","","","","","","","$160,001-$180,000","4yearColl"
"XJ732pm","0","2025-11-05 09:40:42","100","34","1","1","","","33","","Minneapolis","Jacob Frey","Omar Fateh","Mayoral","Other","Davis","","","woman","White","","","","","","","","$80,001-$100,000","MA"
"WM995qh","0","2025-11-05 09:40:49","100","36","1","1","","","38","","Minneapolis","Jacob Frey","Omar Fateh","Mayoral","${e://Field/CAND_2}","","","","man","","","","Asian","","","","","$40,001-$60,000","4yearColl"
"KZ767ae","0","2025-11-05 09:40:08","100","84","1","1","","","25","","New York City","Zohran Mamdani","Andrew Cuomo","Mayoral","","","${e://Field/CAND_1}","","woman","","","Black or African American","","","","","","$20,001-$40,000","GED"
"RQ115hx","0","2025-11-05 09:41:21","100","23","1","1","","","24","","New Jersey","Jack Ciattarelli","Mikie Sherill","Gubernatorial","${e://Field/CAND_2}","","","","man","White","","","","","","","","$40,001-$60,000","4yearColl"
"LW529wu","0","2025-11-05 09:40:02","100","150","1","1","","","20","","Minneapolis","Jacob Frey","Omar Fateh","Mayoral","","","","","man","","","","Asian","","","","","Over $200,000","GED"
"FL397pt","0","2025-11-05 09:42:07","100","32","1","1","","","52","","New Jersey","Jack Ciattarelli","Mikie Sherill","Gubernatorial","${e://Field/CAND_1}","","","","woman","White","","","","","","","","Over $200,000","GED"
"HD571qp","0","2025-11-05 09:41:05","100","111","1","1","","","21","","New York City","Zohran Mamdani","Andrew Cuomo","Mayoral","","","${e://Field/CAND_1}","","man","","Hispanic, Latino, or Spanish origin","","","","","","","$20,001-$40,000","4yearColl"
"KH833wt","0","2025-11-05 09:43:14","100","43","1","1","","","42","Vote Blue!","New Jersey","Jack Ciattarelli","Mikie Sherill","Gubernatorial","${e://Field/CAND_2}","","","","man","White","","","","","","","","$60,001-$80,000","4yearColl"
"XH755kg","0","2025-11-05 09:43:22","100","46","1","1","","","19","","New York City","Zohran Mamdani","Andrew Cuomo","Mayoral","","","${e://Field/CAND_1}","","woman","White","","","","","","","","$20,001-$40,000","GED"
"YP509lw","0","2025-11-05 09:48:01","100","26","1","1","","","20","","New York City","Zohran Mamdani","Andrew Cuomo","Mayoral","","","${e://Field/CAND_1}","","woman","","","","Asian","","","","","Over $200,000","4yearColl"
"SG246do","0","2025-11-05 09:48:55","100","26","1","1","","","28","","New York City","Zohran Mamdani","Andrew Cuomo","Mayoral","","","${e://Field/CAND_1}","","man","","","","Asian","","","","","$80,001-$100,000","4yearColl"
"XM001ju","0","2025-11-05 09:49:18","100","30","1","1","","","47","","Seattle","Bruce Harrell","Katie Wilson","Mayoral","${e://Field/CAND_2}","","","","man","White","","","","","","","","$180,001-$200,000","2yearColl"
"ZR733wc","0","2025-11-05 09:49:28","100","30","1","1","","","34","","New Jersey","Jack Ciattarelli","Mikie Sherill","Gubernatorial","${e://Field/CAND_2}","","","","woman","","","Black or African American","","","","","","$40,001-$60,000","GED"
"LP425jo","0","2025-11-05 09:52:14","100","29","1","1","","","65","","New Jersey","Jack Ciattarelli","Mikie Sherill","Gubernatorial","${e://Field/CAND_2}","","","","man","White","","","","","","","","$20,001-$40,000","GED"
"XL921ry","0","2025-11-05 09:52:42","100","27","1","1","","","59","","New Jersey","Jack Ciattarelli","Mikie Sherill","Gubernatorial","${e://Field/CAND_2}","","","","man","White","","","","","","","","$140,001-$160,000","2yearColl"
"FK720un","0","2025-11-05 09:56:36","100","25","1","1","","","45","","Minneapolis","Jacob Frey","Omar Fateh","Mayoral","","","","","man","White","","","","","","","","$40,001-$60,000","GED"
"AZ493zv","0","2025-11-05 09:57:05","100","25","1","1","","","35","","Minneapolis","Jacob Frey","Omar Fateh","Mayoral","Other","","","","woman","White","","","","","","","","$40,001-$60,000","4yearColl"
"JG177uk","0","2025-11-05 09:45:33","100","849","1","1","","","40","","New York City","Zohran Mamdani","Andrew Cuomo","Mayoral","","","${e://Field/CAND_1}","","man","","","","Asian","","","","","$120,001-$140,000","4yearColl"
"QS929nk","0","2025-11-05 10:01:09","100","67","1","1","","","26","none thank you!!","New Jersey","Jack Ciattarelli","Mikie Sherill","Gubernatorial","${e://Field/CAND_1}","","","","man","White","","","","","","","","$80,001-$100,000","4yearColl"
"PT660zo","0","2025-11-05 10:04:14","100","36","1","1","","","70","","New Jersey","Jack Ciattarelli","Mikie Sherill","Gubernatorial","${e://Field/CAND_2}","","","","woman","White","","","","","","","","$60,001-$80,000","4yearColl"
"YV547xn","0","2025-11-05 10:03:09","100","159","1","1","","","58","Thank you.","New Jersey","Jack Ciattarelli","Mikie Sherill","Gubernatorial","${e://Field/CAND_2}","","","","man","White","","","","","","","","$140,001-$160,000","MA"
"UC357lh","0","2025-11-05 10:05:02","100","90","1","1","","","50","I completed 3 years of college, but that wasn't an option.  Usually surveys will have ""some college"" as a choice.","New Jersey","Jack Ciattarelli","Mikie Sherill","Gubernatorial","${e://Field/CAND_2}","","","","woman","White","","","","","","","","Over $200,000","GED"
"BN678sc","0","2025-11-05 10:08:17","100","23","1","1","","","31","","New York City","Zohran Mamdani","Andrew Cuomo","Mayoral","","","${e://Field/CAND_1}","","man","","Hispanic, Latino, or Spanish origin","","","","","","","$60,001-$80,000","4yearColl"
"OB951tk","0","2025-11-05 10:08:02","100","47","1","1","","","77","just thanks for the opportunity to participate ","Seattle","Bruce Harrell","Katie Wilson","Mayoral","${e://Field/CAND_1}","","","","man","White","","","","","","","","$180,001-$200,000","MA"
"QB365bj","0","2025-11-05 10:08:21","100","31","1","1","","","32","","New York City","Zohran Mamdani","Andrew Cuomo","Mayoral","","","${e://Field/CAND_1}","","man","","","","Asian","","","","","$100,001-$120,000","MA"
"NU704ry","0","2025-11-05 10:10:21","100","93","1","1","","","70","","New Jersey","Jack Ciattarelli","Mikie Sherill","Gubernatorial","${e://Field/CAND_1}","","","","man","White","","","","","","","","$60,001-$80,000","4yearColl"
"FT298ht","0","2025-11-05 10:11:57","100","39","1","1","","","40","n/a","New Jersey","Jack Ciattarelli","Mikie Sherill","Gubernatorial","${e://Field/CAND_2}","","","","woman","","","Black or African American","","","","","","$140,001-$160,000","4yearColl"
"GV426wp","0","2025-11-05 10:13:31","100","25","1","1","","","29","","New York City","Zohran Mamdani","Andrew Cuomo","Mayoral","","","${e://Field/CAND_1}","","man","","","","Asian","","","","","$60,001-$80,000","4yearColl"
"MJ115sc","0","2025-11-05 10:15:26","100","66","1","1","","","33","","New York City","Zohran Mamdani","Andrew Cuomo","Mayoral","","","${e://Field/CAND_2}","","man","White","","","","","","","","$120,001-$140,000","4yearColl"
"MY174ro","0","2025-11-05 10:18:04","100","35","1","1","","","47","","New York City","Zohran Mamdani","Andrew Cuomo","Mayoral","","","${e://Field/CAND_1}","","woman","","Hispanic, Latino, or Spanish origin","","","","","","","$60,001-$80,000","4yearColl"
"EF386fa","0","2025-11-05 10:18:30","100","24","1","1","","","28","","New Jersey","Jack Ciattarelli","Mikie Sherill","Gubernatorial","","","","","man","","","","Asian","","","","","Over $200,000","MA"
"LS516mm","0","2025-11-05 10:19:15","100","28","1","1","","","25","","New Jersey","Jack Ciattarelli","Mikie Sherill","Gubernatorial","${e://Field/CAND_2}","","","","woman","White","","","","","","","","$0-$20,000","2yearColl"
"SP372tv","0","2025-11-05 10:19:32","100","52","1","1","","","32","","New Jersey","Jack Ciattarelli","Mikie Sherill","Gubernatorial","${e://Field/CAND_2}","","","","man","","Hispanic, Latino, or Spanish origin","","","","","","","$20,001-$40,000","2yearColl"
"ZU886cq","0","2025-11-05 10:20:47","100","48","1","1","","","21","","New Jersey","Jack Ciattarelli","Mikie Sherill","Gubernatorial","${e://Field/CAND_1}","","","","woman","White","","","","","","","","$20,001-$40,000","GED"
"AC689lr","0","2025-11-05 10:22:07","100","25","1","1","","","33","","New Jersey","Jack Ciattarelli","Mikie Sherill","Gubernatorial","${e://Field/CAND_2}","","","","man","","","","Asian","","","","","$40,001-$60,000","4yearColl"
"AQ548ok","0","2025-11-05 10:23:14","100","31","1","1","","","57","","New Jersey","Jack Ciattarelli","Mikie Sherill","Gubernatorial","${e://Field/CAND_1}","","","","woman","White","","","","","","","","Over $200,000","PHD"
"MY230sq","0","2025-11-05 10:25:18","100","30","1","1","","","37","","New Jersey","Jack Ciattarelli","Mikie Sherill","Gubernatorial","","","","","man","White","","","","","","","","$0-$20,000","MA"
"VY505cl","0","2025-11-05 10:27:35","100","23","1","1","","","21","","New Jersey","Jack Ciattarelli","Mikie Sherill","Gubernatorial","${e://Field/CAND_2}","","","","man","","Hispanic, Latino, or Spanish origin","","","","","","","$40,001-$60,000","GED"
"BN944ur","0","2025-11-05 10:27:43","100","40","1","1","","","32","","New York City","Zohran Mamdani","Andrew Cuomo","Mayoral","","","${e://Field/CAND_1}","","man","","","Black or African American","","","","","","$20,001-$40,000","GED"
"QM051yo","0","2025-11-05 10:32:50","100","27","1","1","","","40","","Seattle","Bruce Harrell","Katie Wilson","Mayoral","${e://Field/CAND_2}","","","","man","White","Hispanic, Latino, or Spanish origin","","","","","","","$160,001-$180,000","MA"
"YZ826ba","0","2025-11-05 10:34:20","100","40","1","1","","","62","","New Jersey","Jack Ciattarelli","Mikie Sherill","Gubernatorial","${e://Field/CAND_2}","","","","man","White","","","","","","","","$140,001-$160,000","MA"
"EU074ao","0","2025-11-05 10:34:33","100","95","1","1","","","54","","Minneapolis","Jacob Frey","Omar Fateh","Mayoral","${e://Field/CAND_1}","","","","woman","White","","","","","","","","Over $200,000","2yearColl"
"NH185va","0","2025-11-05 10:37:33","100","28","1","1","","","33","","New Jersey","Jack Ciattarelli","Mikie Sherill","Gubernatorial","${e://Field/CAND_2}","","","","woman","White","","","","","","","","$0-$20,000","4yearColl"
"RQ056mx","0","2025-11-05 10:38:47","100","25","1","1","","","24","","New Jersey","Jack Ciattarelli","Mikie Sherill","Gubernatorial","","","","","woman","White","","","","","","","","$120,001-$140,000","GED"
"HD378xl","0","2025-11-05 10:38:04","100","75","1","1","","","52","I can’t believe this state elected a cheating, lying piece of garbage. I can’t wait to move! Two more years and we are gone. Enjoy! ","New Jersey","Jack Ciattarelli","Mikie Sherill","Gubernatorial","${e://Field/CAND_1}","","","","woman","White","","","","","","","","Over $200,000","4yearColl"
"AS927sn","0","2025-11-05 10:39:17","100","51","1","1","","","28","","New York City","Zohran Mamdani","Andrew Cuomo","Mayoral","","","${e://Field/CAND_1}","","woman","White","","","","","","","","$40,001-$60,000","4yearColl"
"ME301fj","0","2025-11-05 10:43:10","100","36","1","1","","","25","Hated them all as candidates ","New York City","Zohran Mamdani","Andrew Cuomo","Mayoral","","","${e://Field/CAND_2}","","woman","White","","","","","","","","Over $200,000","4yearColl"
"MQ395px","0","2025-11-05 10:44:29","100","53","1","1","","","54","","New York City","Zohran Mamdani","Andrew Cuomo","Mayoral","","","${e://Field/CAND_1}","","man","White","","Black or African American","","","","","","$20,001-$40,000","4yearColl"
"AP999xh","0","2025-11-05 10:46:24","100","35","1","1","","","31","","Minneapolis","Jacob Frey","Omar Fateh","Mayoral","${e://Field/CAND_2}","","","","man","White","","","","","","","","$80,001-$100,000","2yearColl"
"ZD834rf","0","2025-11-05 10:46:28","100","53","1","1","","","46","","Seattle","Bruce Harrell","Katie Wilson","Mayoral","${e://Field/CAND_2}","","","","man","White","","Black or African American","","","","","","$0-$20,000","2yearColl"
"NA908am","0","2025-11-05 10:46:17","100","76","1","1","","","20","","New York City","Zohran Mamdani","Andrew Cuomo","Mayoral","","","I have not voted","","man","","","","Asian","","","","","$20,001-$40,000","GED"
"TN954ai","0","2025-11-05 10:49:13","100","39","1","1","","","30","","New Jersey","Jack Ciattarelli","Mikie Sherill","Gubernatorial","","","","","woman","","","Black or African American","","","","","","$0-$20,000","2yearColl"
"SL096ra","0","2025-11-05 10:53:02","100","54","1","1","","","73","","New Jersey","Jack Ciattarelli","Mikie Sherill","Gubernatorial","${e://Field/CAND_2}","","","","woman","","","Black or African American","","","","","","$60,001-$80,000",NA
"FK447if","0","2025-11-05 10:58:44","100","30","1","1","","","51","","New Jersey","Jack Ciattarelli","Mikie Sherill","Gubernatorial","${e://Field/CAND_1}","","","","woman","White","","","","","","","","Over $200,000","2yearColl"
"UW645mh","0","2025-11-05 11:03:53","100","39","1","1","","","37","none","New York City","Zohran Mamdani","Andrew Cuomo","Mayoral","","","${e://Field/CAND_1}","","man","","Hispanic, Latino, or Spanish origin","","","","","","","$60,001-$80,000","4yearColl"
"IM950ps","0","2025-11-05 11:04:27","100","27","1","1","","","41","","New York City","Zohran Mamdani","Andrew Cuomo","Mayoral","","","${e://Field/CAND_2}","","woman","","","","Asian","","","","","Over $200,000","4yearColl"
"YV981cx","0","2025-11-05 11:05:15","100","38","1","1","","","22","","Minneapolis","Jacob Frey","Omar Fateh","Mayoral","${e://Field/CAND_2}","","","","woman","White","","","","","","","","$20,001-$40,000","2yearColl"
"HQ538ym","0","2025-11-05 11:06:16","100","79","1","1","","","61","","Minneapolis","Jacob Frey","Omar Fateh","Mayoral","${e://Field/CAND_1}","","","","woman","White","","","","","","","","$40,001-$60,000","2yearColl"
"GY109bx","0","2025-11-05 11:12:51","100","19","1","1","","","29","","Minneapolis","Jacob Frey","Omar Fateh","Mayoral","${e://Field/CAND_2}","","","","man","White","","","","","","","","$100,001-$120,000","PHD"
"BY583tb","0","2025-11-05 11:13:39","100","49","1","1","","","53","","New Jersey","Jack Ciattarelli","Mikie Sherill","Gubernatorial","${e://Field/CAND_2}","","","","woman","","","Black or African American","","","","","","$180,001-$200,000","GED"
"LG416km","0","2025-11-05 11:15:03","100","65","1","1","","","43","","Minneapolis","Jacob Frey","Omar Fateh","Mayoral","${e://Field/CAND_1}","","","","man","White","","","","","","","","$20,001-$40,000","4yearColl"
"SK441vn","0","2025-11-05 11:16:23","100","29","1","1","","","29","","New Jersey","Jack Ciattarelli","Mikie Sherill","Gubernatorial","${e://Field/CAND_2}","","","","woman","White","","","","","","","","$80,001-$100,000","GED"
"ZE827ci","0","2025-11-05 11:17:11","100","25","1","1","","","21","","New York City","Zohran Mamdani","Andrew Cuomo","Mayoral","","","Curtis Sliwa","","woman","White","","","","","","","","$160,001-$180,000","GED"
"IV400gm","0","2025-11-05 11:18:01","100","21","1","1","","","42","","New York City","Zohran Mamdani","Andrew Cuomo","Mayoral","","","${e://Field/CAND_1}","","man","White","","","","","","","","Over $200,000","4yearColl"
"YZ196qz","0","2025-11-05 11:28:24","100","22","1","1","","","37","","Seattle","Bruce Harrell","Katie Wilson","Mayoral","${e://Field/CAND_2}","","","","woman","White","","","","","","","","$160,001-$180,000","4yearColl"
"ZX324eo","0","2025-11-05 11:32:14","100","41","1","1","","","20","","Minneapolis","Jacob Frey","Omar Fateh","Mayoral","${e://Field/CAND_1}","","","","man","White","","","","","","","","$120,001-$140,000","GED"
"UM025ug","0","2025-11-05 11:44:07","100","27","1","1","","","38","","Minneapolis","Jacob Frey","Omar Fateh","Mayoral","${e://Field/CAND_1}","","","","woman","White","","","","","","","","$20,001-$40,000","2yearColl"
"OM966so","0","2025-11-05 11:44:13","100","30","1","1","","","20","","New Jersey","Jack Ciattarelli","Mikie Sherill","Gubernatorial","${e://Field/CAND_2}","","","","man","","","","Asian","","","","","$120,001-$140,000","GED"
"LA994xh","0","2025-11-05 11:47:42","100","28","1","1","","","25","","New Jersey","Jack Ciattarelli","Mikie Sherill","Gubernatorial","","","","","woman","White","","","","","","","","$0-$20,000","2yearColl"
"EL437nv","0","2025-11-05 12:07:52","100","47","1","1","","","37","","New York City","Zohran Mamdani","Andrew Cuomo","Mayoral","","","${e://Field/CAND_1}","","woman","White","","","","","","","","$80,001-$100,000","4yearColl"
"IO105nh","0","2025-11-05 12:09:42","100","29","1","1","","","41","","New York City","Zohran Mamdani","Andrew Cuomo","Mayoral","","","${e://Field/CAND_1}","","woman","White","","","","","","","","$80,001-$100,000","4yearColl"
"XP326sf","0","2025-11-05 12:21:36","100","23","1","1","","","40","","New York City","Zohran Mamdani","Andrew Cuomo","Mayoral","","","${e://Field/CAND_1}","","man","White","","","","","","","","Over $200,000","MA"
"IO207kh","0","2025-11-05 12:24:16","100","33","1","1","","","39","","Minneapolis","Jacob Frey","Omar Fateh","Mayoral","","","","","man","White","","","","","","","","$40,001-$60,000","GED"
"KF594ew","0","2025-11-05 12:26:40","100","23","1","1","","","40","","New Jersey","Jack Ciattarelli","Mikie Sherill","Gubernatorial","${e://Field/CAND_2}","","","","man","White","","","","","","","","$80,001-$100,000","GED"
"XN343vk","0","2025-11-05 12:26:14","100","71","1","1","","","47","","Seattle","Bruce Harrell","Katie Wilson","Mayoral","${e://Field/CAND_2}","","","","woman","White","","","","","","","","Over $200,000","2yearColl"
"HR188kp","0","2025-11-05 12:31:38","100","25","1","1","","","39","","New Jersey","Jack Ciattarelli","Mikie Sherill","Gubernatorial","${e://Field/CAND_2}","","","","woman","","","Black or African American","","","","","","$20,001-$40,000","4yearColl"
"GS510ar","0","2025-11-05 12:33:07","100","28","1","1","","","43","","New York City","Zohran Mamdani","Andrew Cuomo","Mayoral","","","${e://Field/CAND_2}","","man","","","","Asian","","","","","$0-$20,000","GED"
"ZW321fv","0","2025-11-05 12:33:54","100","28","1","1","","","40","","Seattle","Bruce Harrell","Katie Wilson","Mayoral","${e://Field/CAND_2}","","","","man","White","","","","","","","","$140,001-$160,000","4yearColl"
"GD694ll","0","2025-11-05 12:36:44","100","21","1","1","","","25","","Minneapolis","Jacob Frey","Omar Fateh","Mayoral","${e://Field/CAND_2}","","","",NA,"White","","","","","","","","$60,001-$80,000","MA"
"KF682fd","0","2025-11-05 12:43:08","100","22","1","1","","","24","","Seattle","Bruce Harrell","Katie Wilson","Mayoral","${e://Field/CAND_1}","","","","man","","Hispanic, Latino, or Spanish origin","","","","","","","$100,001-$120,000","4yearColl"
"DS536hq","0","2025-11-05 12:42:48","100","44","1","1","","","30","","New York City","Zohran Mamdani","Andrew Cuomo","Mayoral","","","${e://Field/CAND_1}","","woman","White","","","","","","","","$100,001-$120,000","MA"
"NV515fj","0","2025-11-05 12:43:22","100","22","1","1","","","22","","New Jersey","Jack Ciattarelli","Mikie Sherill","Gubernatorial","${e://Field/CAND_2}","","","","woman","White","","","","","","","","$80,001-$100,000","4yearColl"
"FI674ao","0","2025-11-05 12:45:08","100","40","1","1","","","50","","New York City","Zohran Mamdani","Andrew Cuomo","Mayoral","","","${e://Field/CAND_1}","","woman","","","Black or African American","","","","","","$40,001-$60,000","GED"
"TD449ms","0","2025-11-05 12:45:34","100","24","1","1","","","28","","New York City","Zohran Mamdani","Andrew Cuomo","Mayoral","","","${e://Field/CAND_1}","","woman","White","","","","","Middle Eastern or North African","","","$80,001-$100,000","PHD"
"PK786lg","0","2025-11-05 12:47:22","100","24","1","1","","","24","","New York City","Zohran Mamdani","Andrew Cuomo","Mayoral","","","${e://Field/CAND_1}","","woman","","","","Asian","","","","","$40,001-$60,000","4yearColl"
"WE625gl","0","2025-11-05 12:49:45","100","23","1","1","","","27","","New York City","Zohran Mamdani","Andrew Cuomo","Mayoral","","","I have not voted","","man","","","","Asian","","","","","$40,001-$60,000","2yearColl"
"UZ019lc","0","2025-11-05 12:50:28","100","43","1","1","","","29","","New Jersey","Jack Ciattarelli","Mikie Sherill","Gubernatorial","${e://Field/CAND_2}","","","","man","","Hispanic, Latino, or Spanish origin","","","","","","","$20,001-$40,000","GED"
"EX906qa","0","2025-11-05 12:52:43","100","28","1","1","","","54","","New Jersey","Jack Ciattarelli","Mikie Sherill","Gubernatorial","${e://Field/CAND_2}","","","","man","White","","","","","","","","Over $200,000","MA"
"CY116bf","0","2025-11-05 12:54:41","100","27","1","1","","","28","","New York City","Zohran Mamdani","Andrew Cuomo","Mayoral","","","${e://Field/CAND_1}","","woman","","Hispanic, Latino, or Spanish origin","","","","","","","$60,001-$80,000","4yearColl"
"OV955gw","0","2025-11-05 12:54:54","100","42","1","1","","","62","","New York City","Zohran Mamdani","Andrew Cuomo","Mayoral","","","${e://Field/CAND_1}","","man","","","","Asian","","","","","$40,001-$60,000","4yearColl"
"XU283xr","0","2025-11-05 12:56:11","100","21","1","1","","","33","","New Jersey","Jack Ciattarelli","Mikie Sherill","Gubernatorial","${e://Field/CAND_2}","","","","man","White","Hispanic, Latino, or Spanish origin","","","","","","","$20,001-$40,000","GED"
"JG291mn","0","2025-11-05 12:59:02","100","26","1","1","","","29","","New Jersey","Jack Ciattarelli","Mikie Sherill","Gubernatorial","${e://Field/CAND_2}","","","","man","White","","","","","","","","$80,001-$100,000","4yearColl"
"HH180tr","0","2025-11-05 13:00:26","100","50","1","1","","","29","","New Jersey","Jack Ciattarelli","Mikie Sherill","Gubernatorial","${e://Field/CAND_1}","","","","man","White","","","","","","","","$60,001-$80,000","GED"
"MS118bf","0","2025-11-05 13:00:44","100","34","1","1","","","56","","New Jersey","Jack Ciattarelli","Mikie Sherill","Gubernatorial","${e://Field/CAND_2}","","","","woman","","","Black or African American","","","","","","$20,001-$40,000","GED"
"LH193lf","0","2025-11-05 13:07:02","100","29","1","1","","","37","","Seattle","Bruce Harrell","Katie Wilson","Mayoral","","","","","man","White","","","","","","","","$40,001-$60,000","GED"
"HE907aa","0","2025-11-05 13:15:49","100","32","1","1","","","45","","New Jersey","Jack Ciattarelli","Mikie Sherill","Gubernatorial","${e://Field/CAND_2}","","","","man","White","","","","","","","","$160,001-$180,000","4yearColl"
"UA503vj","0","2025-11-05 13:23:48","100","23","1","1","","","33","","New York City","Zohran Mamdani","Andrew Cuomo","Mayoral","","","I have not voted","","woman","White","","","Asian","","","","","$0-$20,000","4yearColl"
"BH598wn","0","2025-11-05 13:35:46","100","190","1","1","","","28","","New York City","Zohran Mamdani","Andrew Cuomo","Mayoral","","","${e://Field/CAND_2}","","woman","","","Black or African American","","","","","","$100,001-$120,000","MA"
"RP209bc","0","2025-11-05 13:42:01","100","30","1","1","","","32","","New York City","Zohran Mamdani","Andrew Cuomo","Mayoral","","","${e://Field/CAND_2}","","woman","White","","","","","","","","Over $200,000","GED"
"YM921yk","0","2025-11-05 13:46:50","100","28","1","1","","","41","","New York City","Zohran Mamdani","Andrew Cuomo","Mayoral","","","I have not voted","","woman","","","","Asian","","","","","Over $200,000","MA"
"AI279ov","0","2025-11-05 13:46:58","100","31","1","1","","","64","","New York City","Zohran Mamdani","Andrew Cuomo","Mayoral","","","${e://Field/CAND_1}","","woman","White","","","","","","","","$60,001-$80,000","GED"
"GM123dk","0","2025-11-05 13:47:23","100","32","1","1","","","57","","New Jersey","Jack Ciattarelli","Mikie Sherill","Gubernatorial","${e://Field/CAND_1}","","","","man","White","","","","","","","","$20,001-$40,000","4yearColl"
"VI941pa","0","2025-11-05 13:49:36","100","26","1","1","","","40","","New Jersey","Jack Ciattarelli","Mikie Sherill","Gubernatorial","${e://Field/CAND_1}","","","","woman","White","","","","","","","","$100,001-$120,000","MA"
"FY947ss","0","2025-11-05 13:49:57","100","52","1","1","","Biracial -- white and Latina","23","","New Jersey","Jack Ciattarelli","Mikie Sherill","Gubernatorial","${e://Field/CAND_2}","","","","woman","White","Hispanic, Latino, or Spanish origin","","","","","","Other (please specify)","Over $200,000","2yearColl"
"FX863st","0","2025-11-05 13:50:30","100","68","1","1","","","37","","Minneapolis","Jacob Frey","Omar Fateh","Mayoral","","","","","woman","White","","","","","","","","$40,001-$60,000","4yearColl"
"VW091tw","0","2025-11-05 14:01:18","100","26","1","1","","","29","","Minneapolis","Jacob Frey","Omar Fateh","Mayoral","","","","","woman","White","","","","","","","","Prefer not to answer","4yearColl"
"NF125ia","0","2025-11-05 14:01:57","100","35","1","1","","","43","","New York City","Zohran Mamdani","Andrew Cuomo","Mayoral","","","${e://Field/CAND_1}","","man","White","","","","","","","","$160,001-$180,000","4yearColl"
"UZ950jz","0","2025-11-05 14:03:53","100","169","1","1","","","49","None","New York City","Zohran Mamdani","Andrew Cuomo","Mayoral","","","Curtis Sliwa","","man","","","Black or African American","","","","","","$0-$20,000","2yearColl"
"YM126yg","0","2025-11-05 14:08:07","100","56","1","1","","","35","","New Jersey","Jack Ciattarelli","Mikie Sherill","Gubernatorial","${e://Field/CAND_2}","","","","woman","","","Black or African American","","","","","","$40,001-$60,000","MA"
"JK412tj","0","2025-11-05 14:07:56","100","81","1","1","","","27","","New York City","Zohran Mamdani","Andrew Cuomo","Mayoral","","","${e://Field/CAND_1}","","woman","","","","Asian","","","","","Prefer not to answer","MA"
"QH964vf","0","2025-11-05 14:13:33","100","55","1","1","","","61","","New Jersey","Jack Ciattarelli","Mikie Sherill","Gubernatorial","${e://Field/CAND_2}","","","","woman","White","","","","","","","","$160,001-$180,000","2yearColl"
"BG499tc","0","2025-11-05 14:14:52","100","40","1","1","","","27","","New York City","Zohran Mamdani","Andrew Cuomo","Mayoral","","","I have not voted","","man","","Hispanic, Latino, or Spanish origin","","","","","","","Prefer not to answer","4yearColl"
"QB795tk","0","2025-11-05 14:14:29","100","109","1","1","","","38","","Seattle","Bruce Harrell","Katie Wilson","Mayoral","${e://Field/CAND_2}","","","","woman","","","","Asian","","","","","$20,001-$40,000","4yearColl"
"RT413zu","0","2025-11-05 14:24:38","100","20","1","1","","","27","","New York City","Zohran Mamdani","Andrew Cuomo","Mayoral","","","${e://Field/CAND_2}","","man","","","","Asian","","","","","$20,001-$40,000","4yearColl"
"UN128fx","0","2025-11-05 14:23:33","100","132","1","1","","","60","","New York City","Zohran Mamdani","Andrew Cuomo","Mayoral","","","${e://Field/CAND_2}","","man","","","Black or African American","","","","","","$40,001-$60,000","4yearColl"
"OV648vo","0","2025-11-05 14:28:00","100","30","1","1","nonbinary","","28","","New Jersey","Jack Ciattarelli","Mikie Sherill","Gubernatorial","${e://Field/CAND_2}","","","",NA,"White","","","","","","","","Prefer not to answer","4yearColl"
"UP155xb","0","2025-11-05 14:30:59","100","28","1","1","","","48","","New Jersey","Jack Ciattarelli","Mikie Sherill","Gubernatorial","${e://Field/CAND_2}","","","","woman","White","","","","","","","","$80,001-$100,000","MA"
"RE637zp","0","2025-11-05 14:30:51","100","43","1","1","","","42","","New Jersey","Jack Ciattarelli","Mikie Sherill","Gubernatorial","${e://Field/CAND_1}","","","","woman","White","","","","","","","","$80,001-$100,000","GED"
"GJ702jq","0","2025-11-05 14:31:17","100","47","1","1","","","26","","Minneapolis","Jacob Frey","Omar Fateh","Mayoral","","","","","woman","","","Black or African American","","","","","","$80,001-$100,000","4yearColl"
"SX692vo","0","2025-11-05 14:32:50","100","67","1","1","","","33","","New York City","Zohran Mamdani","Andrew Cuomo","Mayoral","","","I have not voted","","woman","","","Black or African American","","","","","","$0-$20,000","GED"
"KC629zs","0","2025-11-05 14:34:40","100","53","1","1","","","26","","New York City","Zohran Mamdani","Andrew Cuomo","Mayoral","","","${e://Field/CAND_1}","","man","White","","","","","","","","$60,001-$80,000","2yearColl"
"YL230nv","0","2025-11-05 14:47:36","100","80","1","1","","","51","I'm glad Zohran won. Let's hope he has what it takes, and has the backing of those who support him, to make New York City a better place for ALL of us.","New York City","Zohran Mamdani","Andrew Cuomo","Mayoral","","","${e://Field/CAND_1}","","man","White","","","","","","","","$100,001-$120,000","4yearColl"
"NT400hp","0","2025-11-05 14:49:06","100","65","1","1","","","61","","New York City","Zohran Mamdani","Andrew Cuomo","Mayoral","","","${e://Field/CAND_2}","","woman","","","Black or African American","","","","","","$80,001-$100,000","4yearColl"
"OL666ho","0","2025-11-05 14:59:57","100","53","1","1","","","55","","New Jersey","Jack Ciattarelli","Mikie Sherill","Gubernatorial","${e://Field/CAND_2}","","","","woman","","","","Asian","","","","","$180,001-$200,000","PHD"
"CB219ub","0","2025-11-05 15:02:16","100","49","1","1","","","42","","New York City","Zohran Mamdani","Andrew Cuomo","Mayoral","","","${e://Field/CAND_1}","","woman","","","Black or African American","","","","","","$20,001-$40,000","GED"
"EY131ph","0","2025-11-05 15:03:47","100","24","1","1","","","35","","Seattle","Bruce Harrell","Katie Wilson","Mayoral","","","","","man","White","","","","","","","","$140,001-$160,000","4yearColl"
"XN784lr","0","2025-11-05 15:30:11","100","36","1","1","","","42","","New Jersey","Jack Ciattarelli","Mikie Sherill","Gubernatorial","${e://Field/CAND_2}","","","","man","White","","","","","","","","$100,001-$120,000","4yearColl"
"IA142yj","0","2025-11-05 15:32:50","100","147","1","1","","","52","","Seattle","Bruce Harrell","Katie Wilson","Mayoral","${e://Field/CAND_1}","","","","man","White","","","","","","","","$140,001-$160,000","MA"
"JW435dh","0","2025-11-05 15:35:47","100","23","1","1","","","30","","Minneapolis","Jacob Frey","Omar Fateh","Mayoral","","","","","man","White","","","","","","","","$180,001-$200,000","4yearColl"
"WE401ji","0","2025-11-05 15:40:06","100","23","1","1","","","29","","New Jersey","Jack Ciattarelli","Mikie Sherill","Gubernatorial","${e://Field/CAND_1}","","","","woman","White","","","","","","","","$60,001-$80,000","GED"
"DQ069wy","0","2025-11-05 15:46:03","100","29","1","1","","","52","","New Jersey","Jack Ciattarelli","Mikie Sherill","Gubernatorial","${e://Field/CAND_1}","","","","woman","White","","","","","","","","Over $200,000","4yearColl"
"RL705pj","0","2025-11-05 15:48:19","100","21","1","1","","","28","","New York City","Zohran Mamdani","Andrew Cuomo","Mayoral","","","${e://Field/CAND_1}","","woman","White","","","","","","","","$120,001-$140,000","4yearColl"
"DW922fw","0","2025-11-05 15:52:55","100","47","1","1","","","31","","New Jersey","Jack Ciattarelli","Mikie Sherill","Gubernatorial","${e://Field/CAND_2}","","","","woman","","","Black or African American","","","","","","$100,001-$120,000","4yearColl"
"MX534mo","0","2025-11-05 16:03:30","100","38","1","1","","","36","","New York City","Zohran Mamdani","Andrew Cuomo","Mayoral","","","${e://Field/CAND_1}","","woman","","","Black or African American","","","","","","$0-$20,000","GED"
"FV579kz","0","2025-11-05 16:10:36","100","151","1","1","","","48","Was excited to see Mikie win! The democrats had a big night with the New York and Virginia win. Showing the leader in the White House were done with the nonsense. Thanks for the study!","New Jersey","Jack Ciattarelli","Mikie Sherill","Gubernatorial","${e://Field/CAND_2}","","","","man","White","Hispanic, Latino, or Spanish origin","","","","","","","$60,001-$80,000","2yearColl"
"KP048hr","0","2025-11-05 16:18:27","100","34","1","1","","","31","","New York City","Zohran Mamdani","Andrew Cuomo","Mayoral","","","Curtis Sliwa","","man","","","Black or African American","","","","","","$80,001-$100,000","2yearColl"
"PQ031ja","0","2025-11-05 16:46:40","100","48","1","1","","","61","","New York City","Zohran Mamdani","Andrew Cuomo","Mayoral","","","${e://Field/CAND_1}","","man","White","","","","","","","","$40,001-$60,000","GED"
"XF345ze","0","2025-11-05 16:48:25","100","46","1","1","","","47","","New Jersey","Jack Ciattarelli","Mikie Sherill","Gubernatorial","${e://Field/CAND_2}","","","","man","White","","","","","","","","$40,001-$60,000","GED"
"UO172lx","0","2025-11-05 16:55:18","100","31","1","1","","","57","","New Jersey","Jack Ciattarelli","Mikie Sherill","Gubernatorial","${e://Field/CAND_2}","","","","woman","White","","","","","","","","Over $200,000","PHD"
"MI393gs","0","2025-11-05 17:10:09","100","23","1","1","","","24","","New York City","Zohran Mamdani","Andrew Cuomo","Mayoral","","","${e://Field/CAND_1}","","woman","White","","","","","","","","$60,001-$80,000","4yearColl"
"BY783me","0","2025-11-05 17:13:20","100","40","1","1","","","20","","New York City","Zohran Mamdani","Andrew Cuomo","Mayoral","","","${e://Field/CAND_1}","","woman","","","Black or African American","","","","","","$60,001-$80,000","2yearColl"
"IY928uq","0","2025-11-05 17:15:24","100","27","1","1","","","25","","Minneapolis","Jacob Frey","Omar Fateh","Mayoral","","","","","man","White","","","","","","","","$60,001-$80,000","GED"
"TQ280bm","0","2025-11-05 17:16:37","100","39","1","1","","","48","Thank you ","New York City","Zohran Mamdani","Andrew Cuomo","Mayoral","","","${e://Field/CAND_1}","","woman","White","","","","","","","","$60,001-$80,000","GED"
"NX382mv","0","2025-11-05 17:22:42","100","32","1","1","","","62","","New Jersey","Jack Ciattarelli","Mikie Sherill","Gubernatorial","${e://Field/CAND_2}","","","","woman","White","","","","","","","","$60,001-$80,000","2yearColl"
"MV815xy","0","2025-11-05 17:18:19","100","714","1","1","","","38","","New York City","Zohran Mamdani","Andrew Cuomo","Mayoral","","","${e://Field/CAND_1}","","man","","","Black or African American","","","","","","$0-$20,000","GED"
"SS094in","0","2025-11-05 17:34:20","100","22","1","1","","","32","no","New York City","Zohran Mamdani","Andrew Cuomo","Mayoral","","","${e://Field/CAND_1}","","man","White","","","","","","","","$120,001-$140,000","MA"
"XS215nv","0","2025-11-05 17:32:59","100","106","1","1","","","40","Thank you! ","New Jersey","Jack Ciattarelli","Mikie Sherill","Gubernatorial","","","","","woman","","","Black or African American","","American Indian or Alaska Native","","","","$20,001-$40,000","GED"
"AN157kw","0","2025-11-05 17:37:41","100","22","1","1","","","31","","New York City","Zohran Mamdani","Andrew Cuomo","Mayoral","","","${e://Field/CAND_1}","","man","","","","Asian","","","","","$20,001-$40,000","GED"
"HB190ln","0","2025-11-05 17:42:50","100","201","1","1","","","21","","New York City","Zohran Mamdani","Andrew Cuomo","Mayoral","","","${e://Field/CAND_2}","","man","White","","","","","","","","Over $200,000","GED"
"WX707gp","0","2025-11-05 17:51:09","100","85","1","1","","","24","","New York City","Zohran Mamdani","Andrew Cuomo","Mayoral","","","I have not voted","","woman","White","","","","","","","","$20,001-$40,000","GED"
"WW726jb","0","2025-11-05 17:54:58","100","67","1","1","","","49","","New Jersey","Jack Ciattarelli","Mikie Sherill","Gubernatorial","${e://Field/CAND_1}","","","","man","White","","","","","","","","$80,001-$100,000","GED"
"NC289vo","0","2025-11-05 18:18:22","100","66","1","1","","","31","","New Jersey","Jack Ciattarelli","Mikie Sherill","Gubernatorial","${e://Field/CAND_2}","","","","woman","","","Black or African American","","","","","","$140,001-$160,000","MA"
"EA419gv","0","2025-11-05 18:21:46","100","120","1","1","","","34","","New Jersey","Jack Ciattarelli","Mikie Sherill","Gubernatorial","","","","","woman","","","Black or African American","","","","","","$80,001-$100,000","GED"
"MR401rq","0","2025-11-05 18:30:25","100","60","1","1","","","49","Sadly the candidate I voted for did not win. I am a bit concerned about the continued ongoing status of NYC with our new mayor.","New York City","Zohran Mamdani","Andrew Cuomo","Mayoral","","","${e://Field/CAND_2}","","woman","White","","","","","","","","Over $200,000","MA"
"IU556ku","0","2025-11-05 18:35:10","100","29","1","1","","","48","","New Jersey","Jack Ciattarelli","Mikie Sherill","Gubernatorial","${e://Field/CAND_2}","","","","man","","","","Asian","","","","","$120,001-$140,000","4yearColl"
"UT345jp","0","2025-11-05 18:33:10","100","440","1","1","","","29","","New Jersey","Jack Ciattarelli","Mikie Sherill","Gubernatorial","${e://Field/CAND_1}","","","","man","White","","","","","Middle Eastern or North African","","","$40,001-$60,000","MA"
"CP362pr","0","2025-11-05 18:44:22","100","32","1","1","","","36","","New Jersey","Jack Ciattarelli","Mikie Sherill","Gubernatorial","${e://Field/CAND_1}","","","","man","White","","","","","","","","$20,001-$40,000","4yearColl"
"QN054pv","0","2025-11-05 18:45:13","100","41","1","1","","","30","","New Jersey","Jack Ciattarelli","Mikie Sherill","Gubernatorial","${e://Field/CAND_2}","","","","man","","","Black or African American","","","","","","$0-$20,000","GED"
"FP918gi","0","2025-11-05 18:49:33","100","32","1","1","","","26","","New Jersey","Jack Ciattarelli","Mikie Sherill","Gubernatorial","${e://Field/CAND_2}","","","","woman","","","Black or African American","","","","","","$80,001-$100,000","PHD"
"WH514vw","0","2025-11-05 18:50:53","100","60","1","1","","","73","","New Jersey","Jack Ciattarelli","Mikie Sherill","Gubernatorial","${e://Field/CAND_2}","","","","man","","","Black or African American","","","","","","$140,001-$160,000","GED"
"TP854ds","0","2025-11-05 19:03:17","100","58","1","1","","","27","","New Jersey","Jack Ciattarelli","Mikie Sherill","Gubernatorial","${e://Field/CAND_2}","","","","woman","","","Black or African American","","","","","","$60,001-$80,000","4yearColl"
"XF498fv","0","2025-11-05 19:09:50","100","25","1","1","","","29","","New Jersey","Jack Ciattarelli","Mikie Sherill","Gubernatorial","${e://Field/CAND_2}","","","","man","","Hispanic, Latino, or Spanish origin","","","","","","","$60,001-$80,000","4yearColl"
"IP190pk","0","2025-11-05 19:40:26","100","53","1","1","","","20","","New Jersey","Jack Ciattarelli","Mikie Sherill","Gubernatorial","${e://Field/CAND_1}","","","","woman","White","","","","","","","","$140,001-$160,000","GED"
"BL932po","0","2025-11-05 19:46:08","100","41","1","1","","","19","","New Jersey","Jack Ciattarelli","Mikie Sherill","Gubernatorial","${e://Field/CAND_2}","","","","woman","White","","","","","","","","$60,001-$80,000","GED"
"JV335zt","0","2025-11-05 20:04:57","100","40","1","1","","","38","","New Jersey","Jack Ciattarelli","Mikie Sherill","Gubernatorial","${e://Field/CAND_2}","","","","man","White","","","","","","","","$160,001-$180,000","4yearColl"
"MS886wg","0","2025-11-05 20:35:34","100","170","1","1","","Indigenous American","62","There is a lot going on in Minnesota and the country that makes it difficult to not only focus on the election, but also to find the time to vote. That said, I would not cast my vote for either of the two candidates listed. Thank you for the opportunity to participate!","Minneapolis","Jacob Frey","Omar Fateh","Mayoral","","","","","man","","","","","","","","Other (please specify)","$0-$20,000","2yearColl"
"WB411lt","0","2025-11-05 20:45:15","100","50","1","1","","","40","","New Jersey","Jack Ciattarelli","Mikie Sherill","Gubernatorial","${e://Field/CAND_1}","","","","woman","White","","","","","","","","$140,001-$160,000","GED"
"BY458ns","0","2025-11-05 20:50:46","100","56","1","1","","","41","","New Jersey","Jack Ciattarelli","Mikie Sherill","Gubernatorial","${e://Field/CAND_2}","","","","woman","White","","","","","","","","$20,001-$40,000","GED"
"OG689mh","0","2025-11-05 20:53:25","100","44","1","1","","","29","","New York City","Zohran Mamdani","Andrew Cuomo","Mayoral","","","${e://Field/CAND_1}","","man","","","","Asian","","","","","$40,001-$60,000","4yearColl"
"DM778fc","0","2025-11-05 20:59:06","100","67","1","1","","","48","N/A","New York City","Zohran Mamdani","Andrew Cuomo","Mayoral","","","${e://Field/CAND_2}","","woman","","","Black or African American","","","","","","$140,001-$160,000","2yearColl"
"CT156ny","0","2025-11-05 21:25:15","100","19","1","1","","","26","","New York City","Zohran Mamdani","Andrew Cuomo","Mayoral","","","${e://Field/CAND_2}","","man","White","","","","","","","","$100,001-$120,000","4yearColl"
"JI044in","0","2025-11-05 21:43:47","100","40","1","1","","","68","","Minneapolis","Jacob Frey","Omar Fateh","Mayoral","${e://Field/CAND_1}","","","","woman","White","","","","","","","","$140,001-$160,000","4yearColl"
"FZ232wi","0","2025-11-05 21:45:13","100","48","1","1","","","49","","New Jersey","Jack Ciattarelli","Mikie Sherill","Gubernatorial","${e://Field/CAND_1}","","","","woman","White","","","","","","","","$80,001-$100,000","GED"
"NF230az","0","2025-11-05 21:49:24","100","29","1","1","","","38","","New Jersey","Jack Ciattarelli","Mikie Sherill","Gubernatorial","${e://Field/CAND_1}","","","","man","White","","","","","","","","$160,001-$180,000","4yearColl"
"IV084kh","0","2025-11-05 21:53:38","100","32","1","1","","","39","","New York City","Zohran Mamdani","Andrew Cuomo","Mayoral","","","${e://Field/CAND_1}","","man","White","","Black or African American","","","","","","$120,001-$140,000","4yearColl"
"RH292ze","0","2025-11-05 21:57:51","100","22","1","1","","","32","","New York City","Zohran Mamdani","Andrew Cuomo","Mayoral","","","${e://Field/CAND_1}","","man","","","","","","Middle Eastern or North African","","","Over $200,000","PHD"
"OS223wz","0","2025-11-05 21:58:57","100","32","1","1","","","52","","New Jersey","Jack Ciattarelli","Mikie Sherill","Gubernatorial","${e://Field/CAND_1}","","","","woman","White","","","","","","","","$100,001-$120,000","GED"
"HT643re","0","2025-11-05 22:01:53","100","38","1","1","","","30","","Minneapolis","Jacob Frey","Omar Fateh","Mayoral","${e://Field/CAND_2}","","","","woman","White","","","","","","","","$40,001-$60,000","MA"
"XO306rv","0","2025-11-05 22:37:58","100","34","1","1","","","23","","New Jersey","Jack Ciattarelli","Mikie Sherill","Gubernatorial","${e://Field/CAND_2}","","","","woman","White","","","","","","","","Over $200,000","MA"
"JA045fl","0","2025-11-05 22:38:34","100","29","1","1","","","36","","Seattle","Bruce Harrell","Katie Wilson","Mayoral","${e://Field/CAND_1}","","","","woman","","","","","American Indian or Alaska Native","","","","$20,001-$40,000","GED"
"FD680rk","0","2025-11-05 23:01:34","100","49","1","1","","","45","","New Jersey","Jack Ciattarelli","Mikie Sherill","Gubernatorial","${e://Field/CAND_2}","","","","woman","","Hispanic, Latino, or Spanish origin","","","","","","","$60,001-$80,000","MA"
"NI790xj","0","2025-11-05 23:52:36","100","31","1","1","","","36","","New Jersey","Jack Ciattarelli","Mikie Sherill","Gubernatorial","${e://Field/CAND_2}","","","","man","White","","","","","","","","$80,001-$100,000","MA"
"QS429ek","0","2025-11-05 23:53:17","100","36","1","1","","","24","","New Jersey","Jack Ciattarelli","Mikie Sherill","Gubernatorial","${e://Field/CAND_2}","","","","man","","Hispanic, Latino, or Spanish origin","","","","","","","$60,001-$80,000","2yearColl"
"KC099mi","0","2025-11-06 00:08:22","100","25","1","1","","","25","","New York City","Zohran Mamdani","Andrew Cuomo","Mayoral","","","${e://Field/CAND_1}","","woman","","Hispanic, Latino, or Spanish origin","","","","","","","$40,001-$60,000","4yearColl"
"ET140jy","0","2025-11-06 00:48:06","100","47","1","1","","","27","","New Jersey","Jack Ciattarelli","Mikie Sherill","Gubernatorial","${e://Field/CAND_2}","","","","woman","White","","","","","","","","Over $200,000","4yearColl"
"YR233so","0","2025-11-06 00:53:09","100","59","1","1","","","25","","New Jersey","Jack Ciattarelli","Mikie Sherill","Gubernatorial","","","","","man","","Hispanic, Latino, or Spanish origin","","","","","","","$60,001-$80,000","GED"
"IY747rr","0","2025-11-06 02:38:31","100","37","1","1","","","33","","Seattle","Bruce Harrell","Katie Wilson","Mayoral","${e://Field/CAND_2}","","","","man","White","","","Asian","","","","","$180,001-$200,000","MA"
"TG553iq","0","2025-11-06 02:42:06","100","35","1","1","nonbinary","","31","n/a - thanks!","New York City","Zohran Mamdani","Andrew Cuomo","Mayoral","","","${e://Field/CAND_1}","",NA,"White","","","","","","","","$0-$20,000","4yearColl"
"OZ371na","0","2025-11-06 05:07:00","100","35","1","1","","","69","","New Jersey","Jack Ciattarelli","Mikie Sherill","Gubernatorial","${e://Field/CAND_2}","","","","man","White","","","","","","","","$140,001-$160,000","GED"
"LA997hi","0","2025-11-06 05:46:31","100","27","1","1","","","40","","New Jersey","Jack Ciattarelli","Mikie Sherill","Gubernatorial","${e://Field/CAND_1}","","","","woman","White","","","","","","","","$180,001-$200,000","4yearColl"
"KB832sh","0","2025-11-06 05:58:30","100","85","1","1","","","39","","New Jersey","Jack Ciattarelli","Mikie Sherill","Gubernatorial","${e://Field/CAND_2}","","","","woman","","","Black or African American","","","","","","$80,001-$100,000","4yearColl"
"RV794ye","0","2025-11-06 07:09:43","100","27","1","1","","","43","","New York City","Zohran Mamdani","Andrew Cuomo","Mayoral","","","I have not voted","","woman","","","","Asian","","","","","$100,001-$120,000","4yearColl"
"OZ118gv","0","2025-11-06 07:37:40","100","21","1","1","","","31","","New Jersey","Jack Ciattarelli","Mikie Sherill","Gubernatorial","","","","","man","","","","Asian","","","","","$80,001-$100,000","4yearColl"
"TR853gz","0","2025-11-06 07:43:45","100","37","1","1","","","50","","New Jersey","Jack Ciattarelli","Mikie Sherill","Gubernatorial","${e://Field/CAND_1}","","","","woman","White","","","","","","","","$100,001-$120,000","MA"
"JU494pu","0","2025-11-06 07:54:34","100","25","1","1","","","38","","New York City","Zohran Mamdani","Andrew Cuomo","Mayoral","","","${e://Field/CAND_2}","","woman","White","","","","","","","","Over $200,000","MA"
"XS376pv","0","2025-11-06 08:56:45","100","34","1","1","","","18","","New York City","Zohran Mamdani","Andrew Cuomo","Mayoral","","","${e://Field/CAND_1}","","woman","White","","","","","Middle Eastern or North African","","","Over $200,000","GED"
"OM665cd","0","2025-11-06 09:06:56","100","110","1","1","","","39","","New York City","Zohran Mamdani","Andrew Cuomo","Mayoral","","","${e://Field/CAND_1}","","man","","Hispanic, Latino, or Spanish origin","Black or African American","","","","","","Over $200,000","PHD"
"PT117ou","0","2025-11-06 09:24:13","100","40","1","1","","","52","","New Jersey","Jack Ciattarelli","Mikie Sherill","Gubernatorial","${e://Field/CAND_2}","","","","woman","White","","","","","","","","$160,001-$180,000","MA"
"QJ317re","0","2025-11-06 09:22:51","100","227","1","1","","","35","","New York City","Zohran Mamdani","Andrew Cuomo","Mayoral","","","${e://Field/CAND_1}","","woman","White","","","","","","","","$20,001-$40,000","GED"
"QZ707yt","0","2025-11-06 09:53:44","100","23","1","1","","","38","","New York City","Zohran Mamdani","Andrew Cuomo","Mayoral","","","${e://Field/CAND_1}","","man","White","","","","","","","","$120,001-$140,000","4yearColl"
"BZ933ap","0","2025-11-06 10:16:25","100","33","1","1","","","37","","New Jersey","Jack Ciattarelli","Mikie Sherill","Gubernatorial","${e://Field/CAND_2}","","","","woman","White","","","","","","","","$0-$20,000","MA"
"JY391ws","0","2025-11-06 10:34:23","100","29","1","1","","","32","","New Jersey","Jack Ciattarelli","Mikie Sherill","Gubernatorial","${e://Field/CAND_1}","","","","woman","White","","","","","","","","$60,001-$80,000","2yearColl"
"PW423em","0","2025-11-06 10:38:39","100","59","1","1","","","56","","New Jersey","Jack Ciattarelli","Mikie Sherill","Gubernatorial","${e://Field/CAND_2}","","","","woman","White","","","","","","","","$80,001-$100,000","4yearColl"
"PC461qr","0","2025-11-06 10:48:27","100","22","1","1","","","37","","New Jersey","Jack Ciattarelli","Mikie Sherill","Gubernatorial","${e://Field/CAND_1}","","","","man","White","","","","","","","","$140,001-$160,000","4yearColl"
"XL740mz","0","2025-11-06 11:21:51","100","27","1","1","","","47","","New Jersey","Jack Ciattarelli","Mikie Sherill","Gubernatorial","${e://Field/CAND_1}","","","","man","White","","","","","","","","Prefer not to answer","GED"
"GW402fk","0","2025-11-06 12:10:59","100","39","1","1","","","29","","New York City","Zohran Mamdani","Andrew Cuomo","Mayoral","","","${e://Field/CAND_1}","","woman","","Hispanic, Latino, or Spanish origin","","","","","","","$20,001-$40,000","GED"
"YM224cr","0","2025-11-06 12:34:08","100","55","1","1","","","40","","New Jersey","Jack Ciattarelli","Mikie Sherill","Gubernatorial","${e://Field/CAND_2}","","","","man","White","","","","","","","","$40,001-$60,000","GED"
"DD403sv","0","2025-11-06 12:54:21","100","220","1","1","","","27","","New York City","Zohran Mamdani","Andrew Cuomo","Mayoral","","","${e://Field/CAND_1}","","woman","","","Black or African American","","","","","","$60,001-$80,000","2yearColl"
"ZC667mr","0","2025-11-06 13:12:56","100","41","1","1","","","28","","New York City","Zohran Mamdani","Andrew Cuomo","Mayoral","","","I have not voted","","woman","White","","","","","","","","$40,001-$60,000","4yearColl"
"XF345fi","0","2025-11-06 13:32:04","100","41","1","1","","","30","","Minneapolis","Jacob Frey","Omar Fateh","Mayoral","${e://Field/CAND_1}","","","","woman","White","","","","","","","","$60,001-$80,000","MA"
"UD814sw","0","2025-11-06 13:37:18","100","34","1","1","","","29","","New York City","Zohran Mamdani","Andrew Cuomo","Mayoral","","","${e://Field/CAND_2}","","woman","White","","","","","","","","Over $200,000","4yearColl"
"SA761zd","0","2025-11-06 14:13:28","100","58","1","1","","","35","","New Jersey","Jack Ciattarelli","Mikie Sherill","Gubernatorial","${e://Field/CAND_2}","","","","woman","White","","","","","","","","$140,001-$160,000","GED"
"VW756wq","0","2025-11-06 14:33:37","100","667","1","1","","","43","","Minneapolis","Jacob Frey","Omar Fateh","Mayoral","Other","DeWayne Davis","","","woman","White","","","","","","","","$40,001-$60,000","4yearColl"
"RE905az","0","2025-11-06 14:45:57","100","161","1","1","","","33","","New Jersey","Jack Ciattarelli","Mikie Sherill","Gubernatorial","${e://Field/CAND_2}","","","","woman","","Hispanic, Latino, or Spanish origin","","","","","","","$100,001-$120,000","4yearColl"
"ZO724vr","0","2025-11-06 14:49:58","100","76","1","1","","","28","","New York City","Zohran Mamdani","Andrew Cuomo","Mayoral","","","${e://Field/CAND_1}","","man","","","","Asian","","","","","$60,001-$80,000","4yearColl"
"MY870bf","0","2025-11-06 14:55:18","100","58","1","1","","","44","I am not committed to any ""party"".  I am independent.","New Jersey","Jack Ciattarelli","Mikie Sherill","Gubernatorial","${e://Field/CAND_2}","","","","woman","","","Black or African American","","","","","","$100,001-$120,000","4yearColl"
"ZN572wy","0","2025-11-06 15:12:36","100","27","1","1","","","27","","New York City","Zohran Mamdani","Andrew Cuomo","Mayoral","","","${e://Field/CAND_1}","","man","White","","","","","","","","$80,001-$100,000","MA"
"RQ063iz","0","2025-11-06 16:11:19","100","61","1","1","","","60","none","Seattle","Bruce Harrell","Katie Wilson","Mayoral","${e://Field/CAND_1}","","","","woman","","","Black or African American","","","","","","$20,001-$40,000","2yearColl"
"XF374ny","0","2025-11-06 16:38:39","100","22","1","1","","","31","","New York City","Zohran Mamdani","Andrew Cuomo","Mayoral","","","${e://Field/CAND_1}","","woman","","","","Asian","","","","","$140,001-$160,000","4yearColl"
"NX642jm","0","2025-11-06 16:59:47","100","44","1","1","","","30","","New Jersey","Jack Ciattarelli","Mikie Sherill","Gubernatorial","${e://Field/CAND_2}","","","","woman","","","Black or African American","","","","","","$0-$20,000","4yearColl"
"EN523pg","0","2025-11-06 17:18:20","100","61","1","1","","","26","","New Jersey","Jack Ciattarelli","Mikie Sherill","Gubernatorial","${e://Field/CAND_2}","","","","man","White","","","","","","","","$100,001-$120,000","4yearColl"
"EA307ny","0","2025-11-06 17:53:18","100","64","1","1","","","21","","New York City","Zohran Mamdani","Andrew Cuomo","Mayoral","","","${e://Field/CAND_1}","","woman","","","","Asian","","","","","$0-$20,000","GED"
"OD774fy","0","2025-11-06 19:29:19","100","40","1","1","","","61","","New Jersey","Jack Ciattarelli","Mikie Sherill","Gubernatorial","${e://Field/CAND_2}","","","","woman","White","","","","","","","","$20,001-$40,000","4yearColl"
"TL796bo","0","2025-11-06 21:25:00","100","24","1","1","","","34","","New York City","Zohran Mamdani","Andrew Cuomo","Mayoral","","","${e://Field/CAND_1}","","man","","Hispanic, Latino, or Spanish origin","","","","","","","$0-$20,000","GED"
"RQ250os","0","2025-11-06 21:35:19","100","33","1","1","","","36","","New Jersey","Jack Ciattarelli","Mikie Sherill","Gubernatorial","${e://Field/CAND_1}","","","","man","","Hispanic, Latino, or Spanish origin","","","","","","","$60,001-$80,000","4yearColl"
"FB782gm","0","2025-11-06 21:41:50","100","30","1","1","","","53","","New Jersey","Jack Ciattarelli","Mikie Sherill","Gubernatorial","${e://Field/CAND_2}","","","","woman","White","","","","","","","","$100,001-$120,000","2yearColl"
"JZ347dh","0","2025-11-06 21:49:13","100","72","1","1","","","46","","New Jersey","Jack Ciattarelli","Mikie Sherill","Gubernatorial","","","","",NA,"White","","","","","","","","$0-$20,000",NA
"TW617be","0","2025-11-06 21:54:12","100","40","1","1","nonbinary","","33","","New Jersey","Jack Ciattarelli","Mikie Sherill","Gubernatorial","${e://Field/CAND_2}","","","",NA,"White","","","Asian","","","","","$0-$20,000","GED"
"TG698zt","0","2025-11-06 22:16:53","100","189","1","1","","","33","","New Jersey","Jack Ciattarelli","Mikie Sherill","Gubernatorial","${e://Field/CAND_2}","","","","woman","White","","","","","","","","Over $200,000","PHD"
"TL004op","0","2025-11-06 22:38:20","100","140","1","1","","","66","","Seattle","Bruce Harrell","Katie Wilson","Mayoral","","","","","woman","","","","Asian","","","","","$40,001-$60,000","4yearColl"
"VT896go","0","2025-11-06 22:48:04","100","46","1","1","","","21","","New Jersey","Jack Ciattarelli","Mikie Sherill","Gubernatorial","${e://Field/CAND_1}","","","","man","White","","","Asian","","","","","$60,001-$80,000","GED"
"SM684cd","0","2025-11-07 03:42:00","100","90","1","1","","","38","","New Jersey","Jack Ciattarelli","Mikie Sherill","Gubernatorial","${e://Field/CAND_2}","","","","woman","White","","","","","","","","$60,001-$80,000","2yearColl"
"ID524qp","0","2025-11-07 06:14:40","100","32","1","1","","","28","","New Jersey","Jack Ciattarelli","Mikie Sherill","Gubernatorial","${e://Field/CAND_2}","","","","woman","White","","","","","","","","$80,001-$100,000","4yearColl"
"GB434we","0","2025-11-07 07:54:02","100","41","1","1","","","66","","New Jersey","Jack Ciattarelli","Mikie Sherill","Gubernatorial","${e://Field/CAND_1}","","","","woman","White","","","","","","","","$40,001-$60,000","GED"
"EJ349rd","0","2025-11-07 08:01:23","100","50","1","1","","","82","","New Jersey","Jack Ciattarelli","Mikie Sherill","Gubernatorial","${e://Field/CAND_1}","","","","woman","White","","","","","","","","$40,001-$60,000","GED"
"SF309gj","0","2025-11-07 08:50:08","100","36","1","1","","","37","","New Jersey","Jack Ciattarelli","Mikie Sherill","Gubernatorial","${e://Field/CAND_2}","","","","woman","White","","","","","","","","$120,001-$140,000","4yearColl"
"RY713mz","0","2025-11-07 09:01:50","100","127","1","1","","","38","","Minneapolis","Jacob Frey","Omar Fateh","Mayoral","${e://Field/CAND_1}","","","","woman","White","","","","","","","","$20,001-$40,000","2yearColl"
"ZR648ru","0","2025-11-07 09:04:58","100","33","1","1","","","35","no comments thank you","New Jersey","Jack Ciattarelli","Mikie Sherill","Gubernatorial","${e://Field/CAND_1}","","","","man","White","","","","","","","","$160,001-$180,000","4yearColl"
"HR599oo","0","2025-11-07 09:05:49","100","58","1","1","","","30","","New Jersey","Jack Ciattarelli","Mikie Sherill","Gubernatorial","${e://Field/CAND_2}","","","","woman","","","Black or African American","","","","","","$40,001-$60,000","MA"
"VS389vp","0","2025-11-07 09:54:09","100","22","1","1","","","43","","New Jersey","Jack Ciattarelli","Mikie Sherill","Gubernatorial","${e://Field/CAND_2}","","","","man","White","","","","","","","","Over $200,000","4yearColl"
"EQ437fx","0","2025-11-07 10:12:29","100","175","1","1","","","52","","New Jersey","Jack Ciattarelli","Mikie Sherill","Gubernatorial","${e://Field/CAND_2}","","","","woman","White","","Black or African American","","American Indian or Alaska Native","","","","$60,001-$80,000","GED"
"UZ113kw","0","2025-11-07 10:34:05","100","31","1","1","","","36","","New York City","Zohran Mamdani","Andrew Cuomo","Mayoral","","","${e://Field/CAND_1}","","man","White","","","Asian","","","","","$60,001-$80,000","4yearColl"
"MW758ne","0","2025-11-07 10:35:59","100","55","1","1","trans","","28","","New York City","Zohran Mamdani","Andrew Cuomo","Mayoral","","","${e://Field/CAND_1}","",NA,"","","","","","Middle Eastern or North African","","","$60,001-$80,000","GED"
"DT673ua","0","2025-11-07 11:58:18","100","75","1","1","","","39","get that in your data that NJ is not going to tolerate MAGA!!!","New Jersey","Jack Ciattarelli","Mikie Sherill","Gubernatorial","${e://Field/CAND_2}","","","","woman","White","","","","","","","","Over $200,000","4yearColl"
"NI175le","0","2025-11-07 12:01:32","100","37","1","1","","","24","","New York City","Zohran Mamdani","Andrew Cuomo","Mayoral","","","I have not voted","","woman","","","","Asian","","","","","$0-$20,000","MA"
"UK158gr","0","2025-11-07 12:10:47","100","31","1","1","","","43","","New Jersey","Jack Ciattarelli","Mikie Sherill","Gubernatorial","${e://Field/CAND_2}","","","","woman","White","","","","","","","","$100,001-$120,000","PHD"
"RD641uk","0","2025-11-07 15:39:40","100","25","1","1","","","25","","New Jersey","Jack Ciattarelli","Mikie Sherill","Gubernatorial","${e://Field/CAND_2}","","","","man","White","","","","","","","","Prefer not to answer",NA
"RU160di","0","2025-11-07 17:14:28","100","38","1","1","","","54","","New Jersey","Jack Ciattarelli","Mikie Sherill","Gubernatorial","${e://Field/CAND_2}","","","","man","","","Black or African American","","","","","","Over $200,000","MA"
"HQ828uk","0","2025-11-07 17:37:00","100","56","1","1","","","54","No comments.","New Jersey","Jack Ciattarelli","Mikie Sherill","Gubernatorial","","","","","woman","White","","","","","","","","$160,001-$180,000","4yearColl"
"XV177nq","0","2025-11-07 17:42:08","100","22","1","1","","","50","","Seattle","Bruce Harrell","Katie Wilson","Mayoral","${e://Field/CAND_1}","","","","man","White","","","","","","","","$140,001-$160,000","4yearColl"
"SL063eh","0","2025-11-07 18:41:38","100","21","1","1","","","22","","New Jersey","Jack Ciattarelli","Mikie Sherill","Gubernatorial","${e://Field/CAND_2}","","","","man","","","","Asian","","","","","Over $200,000","4yearColl"
"XA505yz","0","2025-11-07 20:10:44","100","26","1","1","","","29","","New Jersey","Jack Ciattarelli","Mikie Sherill","Gubernatorial","${e://Field/CAND_2}","","","","man","White","","","","","","","","$0-$20,000","4yearColl"
"EM824ba","0","2025-11-07 20:42:38","100","31","1","1","","","39","","New York City","Zohran Mamdani","Andrew Cuomo","Mayoral","","","${e://Field/CAND_2}","","man","White","","","","","","","","Over $200,000","MA"
"YY506vl","0","2025-11-07 21:54:12","100","21","1","1","","","25","","New York City","Zohran Mamdani","Andrew Cuomo","Mayoral","","","${e://Field/CAND_1}","","woman","White","","","","","","","","Prefer not to answer","4yearColl"
"KY034uo","0","2025-11-07 22:33:57","100","36","1","1","","","30","","New Jersey","Jack Ciattarelli","Mikie Sherill","Gubernatorial","${e://Field/CAND_2}","","","","woman","White","","","","","","","","$40,001-$60,000","2yearColl"
"HF352tr","0","2025-11-07 22:41:53","100","28","1","1","","","50","","New Jersey","Jack Ciattarelli","Mikie Sherill","Gubernatorial","${e://Field/CAND_2}","","","","man","White","","","","","","","","$80,001-$100,000","4yearColl"
"WO088bm","0","2025-11-07 23:31:17","100","35","1","1","","","45","","New Jersey","Jack Ciattarelli","Mikie Sherill","Gubernatorial","${e://Field/CAND_2}","","","","woman","White","Hispanic, Latino, or Spanish origin","","","","","","","$0-$20,000","GED"
"RZ373wv","0","2025-11-08 01:49:03","100","25","1","1","","","43","","New York City","Zohran Mamdani","Andrew Cuomo","Mayoral","","","I have not voted","","man","","","","Asian","","","","","Prefer not to answer","4yearColl"
"ON065fz","0","2025-11-08 02:49:05","100","26","1","1","","","29","","Seattle","Bruce Harrell","Katie Wilson","Mayoral","${e://Field/CAND_2}","","","","man","","","","Asian","","","","","$100,001-$120,000","4yearColl"
"AQ918rz","0","2025-11-08 07:52:45","100","34","1","1","","","39","","New Jersey","Jack Ciattarelli","Mikie Sherill","Gubernatorial","${e://Field/CAND_2}","","","","woman","White","","","","","","","","$0-$20,000","GED"
"IL915xy","0","2025-11-08 08:44:18","100","35","1","1","","","42","","New York City","Zohran Mamdani","Andrew Cuomo","Mayoral","","","${e://Field/CAND_1}","","man","","","Black or African American","","","","","","$40,001-$60,000","4yearColl"
"YW388js","0","2025-11-08 09:11:40","100","82","1","1","","","37","","New York City","Zohran Mamdani","Andrew Cuomo","Mayoral","","","${e://Field/CAND_1}","","woman","","","Black or African American","","","","","","$40,001-$60,000","4yearColl"
"OE388um","0","2025-11-08 09:52:34","100","33","1","1","","","19","","New Jersey","Jack Ciattarelli","Mikie Sherill","Gubernatorial","","","","","man","White","","","","","","","","$60,001-$80,000","GED"
"EA040mh","0","2025-11-08 12:12:40","100","29","1","1","","","32","","Minneapolis","Jacob Frey","Omar Fateh","Mayoral","${e://Field/CAND_2}","","","","man","White","","","","","","","","Over $200,000","4yearColl"
"GC984pq","0","2025-11-08 12:29:04","100","30","1","1","","","51","","Seattle","Bruce Harrell","Katie Wilson","Mayoral","${e://Field/CAND_1}","","","","man","White","","","","","","","","$140,001-$160,000","4yearColl"
"PU382sp","0","2025-11-08 12:54:39","100","24","1","1","","","34","","New York City","Zohran Mamdani","Andrew Cuomo","Mayoral","","","${e://Field/CAND_1}","","man","","","Black or African American","","","","","","Over $200,000","4yearColl"
"VL512ui","0","2025-11-08 14:07:22","100","34","1","1","","","36","","New York City","Zohran Mamdani","Andrew Cuomo","Mayoral","","","I have not voted","","man","White","","","","","","","","$60,001-$80,000","2yearColl"
"PW029rg","0","2025-11-08 14:23:43","100","30","1","1","","","29","","Minneapolis","Jacob Frey","Omar Fateh","Mayoral","${e://Field/CAND_1}","","","","man","White","","","","","","","","$40,001-$60,000","4yearColl"
"SD171ax","0","2025-11-08 15:13:58","100","22","1","1","","","26","","New York City","Zohran Mamdani","Andrew Cuomo","Mayoral","","","${e://Field/CAND_1}","","woman","","","","Asian","","","","","$100,001-$120,000","4yearColl"
"IQ301cv","0","2025-11-08 15:17:05","100","35","1","1","","","20","","Seattle","Bruce Harrell","Katie Wilson","Mayoral","","","","","woman","White","","","","","","","","$120,001-$140,000","GED"
"GU421cz","0","2025-11-08 17:14:16","100","24","1","1","","","44","","New York City","Zohran Mamdani","Andrew Cuomo","Mayoral","","","I have not voted","","man","White","","","","","","","","$80,001-$100,000","4yearColl"
"LC449ho","0","2025-11-08 18:16:43","100","26","1","1","","","24","","New York City","Zohran Mamdani","Andrew Cuomo","Mayoral","","","I have not voted","","woman","White","","","","","","","","Over $200,000","4yearColl"
"FO667gx","0","2025-11-08 18:59:30","100","236","1","1","","","29","","New Jersey","Jack Ciattarelli","Mikie Sherill","Gubernatorial","${e://Field/CAND_2}","","","","woman","","","Black or African American","","","","","","$20,001-$40,000","MA"
"OW789tz","0","2025-11-08 23:15:16","100","32","1","1","","","25","n/a","New York City","Zohran Mamdani","Andrew Cuomo","Mayoral","","","Curtis Sliwa","","woman","","Hispanic, Latino, or Spanish origin","","","","","","","$40,001-$60,000","4yearColl"
"VL031iw","0","2025-11-09 00:06:51","100","28","1","1","","","35","","New Jersey","Jack Ciattarelli","Mikie Sherill","Gubernatorial","${e://Field/CAND_2}","","","","man","White","","","","","","","","$60,001-$80,000","4yearColl"
"DR922dw","0","2025-11-09 02:37:58","100","38","1","1","","","29","","New York City","Zohran Mamdani","Andrew Cuomo","Mayoral","","","${e://Field/CAND_1}","","man","White","","","","","","","","$20,001-$40,000","2yearColl"
"BV965xx","0","2025-11-09 03:40:45","100","29","1","1","","","25","","New Jersey","Jack Ciattarelli","Mikie Sherill","Gubernatorial","","","","","woman","White","","","","","","","","$80,001-$100,000","4yearColl"
"WT858vf","0","2025-11-09 07:15:13","100","28","1","1","","","37","","New Jersey","Jack Ciattarelli","Mikie Sherill","Gubernatorial","${e://Field/CAND_2}","","","","woman","White","","","","","","","","$100,001-$120,000","4yearColl"
"EH920dc","0","2025-11-09 08:33:48","100","31","1","1","","","43","","New Jersey","Jack Ciattarelli","Mikie Sherill","Gubernatorial","${e://Field/CAND_1}","","","","woman","","","","","","","","Other (please specify)","$180,001-$200,000","4yearColl"
"HK012qp","0","2025-11-09 09:33:31","100","27","1","1","","","30","","New Jersey","Jack Ciattarelli","Mikie Sherill","Gubernatorial","${e://Field/CAND_2}","","","","woman","","","","Asian","","","","","Over $200,000","4yearColl"
"DG140bj","0","2025-11-09 09:58:40","100","52","1","1","","","29","","New Jersey","Jack Ciattarelli","Mikie Sherill","Gubernatorial","${e://Field/CAND_2}","","","","man","","","Black or African American","","","","","","$80,001-$100,000","4yearColl"
"PB522ly","0","2025-11-09 10:17:23","100","39","1","1","","","24","","Minneapolis","Jacob Frey","Omar Fateh","Mayoral","","","","","woman","","","Black or African American","","","","","","$20,001-$40,000","4yearColl"
"AP867qx","0","2025-11-09 11:46:52","100","37","1","1","","","55","","New Jersey","Jack Ciattarelli","Mikie Sherill","Gubernatorial","${e://Field/CAND_2}","","","","woman","White","","","","","","","","$120,001-$140,000","MA"
"FQ656ef","0","2025-11-09 15:04:17","100","45","1","1","","","35","","New Jersey","Jack Ciattarelli","Mikie Sherill","Gubernatorial","","","","","woman","","","Black or African American","","","","","","$40,001-$60,000","GED"
"GD895pa","0","2025-11-09 16:52:03","100","36","1","1","","","62","","New Jersey","Jack Ciattarelli","Mikie Sherill","Gubernatorial","${e://Field/CAND_2}","","","","woman","White","","","","","","","","$120,001-$140,000","GED"
"JH477of","0","2025-11-09 18:09:09","100","22","1","1","","","28","","New York City","Zohran Mamdani","Andrew Cuomo","Mayoral","","","${e://Field/CAND_1}","","man","White","","","","","","","","$160,001-$180,000","4yearColl"
"FX544eo","0","2025-11-09 18:10:26","100","43","1","1","","","25","","New York City","Zohran Mamdani","Andrew Cuomo","Mayoral","","","${e://Field/CAND_1}","","woman","","","","Asian","","","","","$40,001-$60,000","4yearColl"
"WD754jk","0","2025-11-09 22:06:35","100","41","1","1","","","42","","New Jersey","Jack Ciattarelli","Mikie Sherill","Gubernatorial","${e://Field/CAND_1}","","","","woman","White","","","","","","","","$100,001-$120,000","MA"
"BG018dv","0","2025-11-09 23:52:19","100","18","1","1","","","27","","New Jersey","Jack Ciattarelli","Mikie Sherill","Gubernatorial","${e://Field/CAND_2}","","","","man","","","","Asian","","","","","Over $200,000","4yearColl"
"PS671jk","0","2025-11-10 00:26:04","100","54","1","1","","","39","","New York City","Zohran Mamdani","Andrew Cuomo","Mayoral","","","${e://Field/CAND_1}","","man","","Hispanic, Latino, or Spanish origin","Black or African American","","","","","","$20,001-$40,000","2yearColl"
"KR003ms","0","2025-11-10 06:32:41","100","27","1","1","","","39","","New Jersey","Jack Ciattarelli","Mikie Sherill","Gubernatorial","${e://Field/CAND_2}","","","","man","White","","","","","","","","$20,001-$40,000","4yearColl"
"ZN644yl","0","2025-11-10 09:41:00","100","34","1","1","","","26","","New Jersey","Jack Ciattarelli","Mikie Sherill","Gubernatorial","${e://Field/CAND_2}","","","","woman","","Hispanic, Latino, or Spanish origin","","","","","","","$60,001-$80,000","4yearColl"
"NO843jb","0","2025-11-10 10:41:40","100","33","1","1","","","23","","New Jersey","Jack Ciattarelli","Mikie Sherill","Gubernatorial","${e://Field/CAND_2}","","","","woman","","","Black or African American","","","Middle Eastern or North African","","","$180,001-$200,000","2yearColl"
"EK185us","0","2025-11-10 12:27:00","100","42","1","1","","","35","","New Jersey","Jack Ciattarelli","Mikie Sherill","Gubernatorial","${e://Field/CAND_2}","","","","woman","White","","","","","","","","Over $200,000","MA"
"LD769sa","0","2025-11-10 12:39:13","100","53","1","1","","","31","","Minneapolis","Jacob Frey","Omar Fateh","Mayoral","${e://Field/CAND_1}","","","","man","White","","","","","","","","$80,001-$100,000","4yearColl"
"FP639lp","0","2025-11-10 17:23:16","100","37","1","1","","","56","","New Jersey","Jack Ciattarelli","Mikie Sherill","Gubernatorial","${e://Field/CAND_1}","","","","woman","White","","","","","","","","$0-$20,000","MA"
"FE297qe","0","2025-11-10 20:24:56","100","30","1","1","","","38","","New York City","Zohran Mamdani","Andrew Cuomo","Mayoral","","","${e://Field/CAND_1}","","man","White","","","","","","","","$80,001-$100,000","4yearColl"
"XL286uv","0","2025-11-10 22:12:32","100","63","1","1","","","59","","New Jersey","Jack Ciattarelli","Mikie Sherill","Gubernatorial","${e://Field/CAND_2}","","","","man","","","Black or African American","","","","","","$140,001-$160,000","GED"
"RV098em","0","2025-11-10 22:35:54","100","30","1","1","","","34","","New York City","Zohran Mamdani","Andrew Cuomo","Mayoral","","","${e://Field/CAND_1}","","man","","","Black or African American","","","","","","$60,001-$80,000","GED"
"MM645rc","0","2025-11-10 23:56:30","100","66","1","1","","","61","","New Jersey","Jack Ciattarelli","Mikie Sherill","Gubernatorial","${e://Field/CAND_1}","","","","woman","White","","","","","","","","Over $200,000","4yearColl"
"GC265ke","0","2025-11-11 02:12:52","100","37","1","1","","","29","","Seattle","Bruce Harrell","Katie Wilson","Mayoral","${e://Field/CAND_2}","","","","woman","White","","","","","","","","$120,001-$140,000","MA"
"YF848zd","0","2025-11-11 04:27:06","100","46","1","1","","","56","","New York City","Zohran Mamdani","Andrew Cuomo","Mayoral","","","${e://Field/CAND_1}","","man","","Hispanic, Latino, or Spanish origin","","","","","","","$20,001-$40,000","2yearColl"
"FP696ga","0","2025-11-11 08:24:22","100","39","1","1","","","40","","New Jersey","Jack Ciattarelli","Mikie Sherill","Gubernatorial","${e://Field/CAND_2}","","","","woman","White","","","","","","","","$160,001-$180,000","PHD"
"PI869kn","0","2025-11-11 12:10:27","100","33","1","1","","","22","","New Jersey","Jack Ciattarelli","Mikie Sherill","Gubernatorial","","","","","woman","White","","","","","","","","Over $200,000","4yearColl"
"XZ269hq","0","2025-11-11 13:53:20","100","19","1","1","","","30","","New Jersey","Jack Ciattarelli","Mikie Sherill","Gubernatorial","${e://Field/CAND_2}","","","","man","White","","","","","","","","Over $200,000","4yearColl"
"UU726fo","0","2025-11-11 13:59:26","100","85","1","1","","","24","I would have voted for Mamdani, but I'm from California and voted in the election there.","New York City","Zohran Mamdani","Andrew Cuomo","Mayoral","","","I have not voted","","woman","White","","","","","","","","Over $200,000","4yearColl"
"WB088sg","0","2025-11-11 16:17:50","100","32","1","1","","","44","","Seattle","Bruce Harrell","Katie Wilson","Mayoral","${e://Field/CAND_2}","","","","man","White","Hispanic, Latino, or Spanish origin","","","","","","","$0-$20,000","PHD"
"OB951tk","0","2025-11-04 16:46:15","20","32","0","1","","","","","Seattle","Bruce Harrell","Katie Wilson","Mayoral","","","","","","","","","","","","","","",""
"AS927sn","0","2025-11-04 16:46:48","40","68","0","1","","","","","New York City","Zohran Mamdani","Andrew Cuomo","Mayoral","","","","","","","","","","","","","","",""
"NE718cp","0","2025-11-11 20:26:58","100","38","1","1","","","22","","New York City","Zohran Mamdani","Andrew Cuomo","Mayoral","","","I have not voted","","woman","","","","Asian","","","","","$100,001-$120,000","GED"
"CR096kp","0","2025-11-11 22:04:42","100","115","1","1","","","60","","Minneapolis","Jacob Frey","Omar Fateh","Mayoral","${e://Field/CAND_2}","","","","man","White","","","","","","","","$20,001-$40,000","GED"
"HP292mc","0","2025-11-11 23:43:46","100","68","1","1","","","45","","New Jersey","Jack Ciattarelli","Mikie Sherill","Gubernatorial","","","","","woman","White","","","","","","","","$20,001-$40,000","GED"
"BU402ww","0","2025-11-11 23:51:05","100","33","1","1","","","23","","New York City","Zohran Mamdani","Andrew Cuomo","Mayoral","","","${e://Field/CAND_1}","","woman","","","Black or African American","","","","","","Prefer not to answer","4yearColl"
"SY850rg","0","2025-11-12 01:10:15","100","22","1","1","","","20","","Seattle","Bruce Harrell","Katie Wilson","Mayoral","${e://Field/CAND_2}","","","","man","","Hispanic, Latino, or Spanish origin","","","","","","","Over $200,000","GED"
"NT407eg","0","2025-11-05 09:24:51","20","4626","0","1","","","","","New Jersey","Jack Ciattarelli","Mikie Sherill","Gubernatorial","","","","","","","","","","","","","","",""
"ST288bn","0","2025-11-05 09:19:29","10","5646","0","1","","","","","New Jersey","Jack Ciattarelli","Mikie Sherill","Gubernatorial","","","","","","","","","","","","","","",""
